#
# There is insufficient memory for the Java Runtime Environment to continue.
# Native memory allocation (mmap) failed to map 65536 bytes. Error detail: committing reserved memory.
# Possible reasons:
#   The system is out of physical RAM or swap space
#   This process is running with CompressedOops enabled, and the Java Heap may be blocking the growth of the native heap
# Possible solutions:
#   Reduce memory load on the system
#   Increase physical memory or swap space
#   Check if swap backing store is full
#   Decrease Java heap size (-Xmx/-Xms)
#   Decrease number of Java threads
#   Decrease Java thread stack sizes (-Xss)
#   Set larger code cache with -XX:ReservedCodeCacheSize=
#   JVM is running with Unscaled Compressed Oops mode in which the Java heap is
#     placed in the first 4GB address space. The Java Heap base address is the
#     maximum limit for the native heap growth. Please use -XX:HeapBaseMinAddress
#     to set the Java Heap base and to place the Java Heap above 4GB virtual address.
# This output file may be truncated or incomplete.
#
#  Out of Memory Error (os_linux.cpp:2834), pid=2739, tid=2755
#
# JRE version: OpenJDK Runtime Environment (17.0.20+8) (build 17.0.20+8-1-deb12u1-Debian)
# Java VM: OpenJDK 64-Bit Server VM (17.0.20+8-1-deb12u1-Debian, mixed mode, sharing, tiered, compressed oops, compressed class ptrs, g1 gc, linux-amd64)
# No core dump will be written. Core dumps have been disabled. To enable core dumping, try "ulimit -c unlimited" before starting Java again
#

---------------  S U M M A R Y ------------

Command Line: --add-opens=java.base/java.util=ALL-UNNAMED --add-opens=java.base/java.lang=ALL-UNNAMED --add-opens=java.base/java.lang.invoke=ALL-UNNAMED --add-opens=java.prefs/java.util.prefs=ALL-UNNAMED --add-exports=jdk.compiler/com.sun.tools.javac.api=ALL-UNNAMED --add-exports=jdk.compiler/com.sun.tools.javac.util=ALL-UNNAMED --add-opens=java.base/java.nio.charset=ALL-UNNAMED --add-opens=java.base/java.net=ALL-UNNAMED --add-opens=java.base/java.util.concurrent.atomic=ALL-UNNAMED -Xmx2048m -Dfile.encoding=UTF-8 -Duser.country -Duser.language=en -Duser.variant -javaagent:/root/.gradle/wrapper/dists/gradle-8.10.2-bin/a04bxjujx95o3nb99gddekhwo/gradle-8.10.2/lib/agents/gradle-instrumentation-agent-8.10.2.jar org.gradle.launcher.daemon.bootstrap.GradleDaemon 8.10.2

Host: Intel(R) Xeon(R) Processor @ 2.50GHz, 2 cores, 2G, Debian GNU/Linux 12 (bookworm)
Time: Fri Sep 11 21:54:32 2026 UTC elapsed time: 55.410081 seconds (0d 0h 0m 55s)

---------------  T H R E A D  ---------------

Current thread (0x00007f02700e37c0):  JavaThread "C2 CompilerThread0" daemon [_thread_in_vm, id=2755, stack(0x00007f0254c1d000,0x00007f0254d1d000)]


Current CompileTask:
C2:55411 9853 %     4       org.gradle.internal.instantiation.generator.AbstractClassGenerator::inspectType @ 77 (560 bytes)

Stack: [0x00007f0254c1d000,0x00007f0254d1d000],  sp=0x00007f0254d18150,  free space=1004k
Native frames: (J=compiled Java code, j=interpreted, Vv=VM code, C=native code)
V  [libjvm.so+0xf21211]  VMError::report_and_die(int, char const*, char const*, __va_list_tag*, Thread*, unsigned char*, void*, void*, char const*, int, unsigned long)+0x171
V  [libjvm.so+0xf21d7d]  VMError::report_and_die(Thread*, char const*, int, unsigned long, VMErrorType, char const*, __va_list_tag*)+0x2d
V  [libjvm.so+0x60378c]  report_vm_out_of_memory(char const*, int, unsigned long, VMErrorType, char const*, ...)+0xdc
V  [libjvm.so+0xc29fba]  os::pd_commit_memory(char*, unsigned long, unsigned long, bool)+0xda
V  [libjvm.so+0xc23eed]  os::commit_memory(char*, unsigned long, unsigned long, bool)+0x1d
V  [libjvm.so+0xf19513]  VirtualSpace::expand_by(unsigned long, bool)+0xe3
V  [libjvm.so+0x7c222e]  CodeHeap::expand_by(unsigned long)+0x8e
V  [libjvm.so+0x5a121a]  CodeCache::allocate(int, int, bool, int)+0x7a
V  [libjvm.so+0xbee432]  nmethod::new_nmethod(methodHandle const&, int, int, CodeOffsets*, int, DebugInformationRecorder*, Dependencies*, CodeBuffer*, int, OopMapSet*, ExceptionHandlerTable*, ImplicitExceptionTable*, AbstractCompiler*, int, GrowableArrayView<RuntimeStub*> const&, char*, int, int, char const*, FailedSpeculation**)+0x162
V  [libjvm.so+0x5409ab]  ciEnv::register_method(ciMethod*, int, CodeOffsets*, int, CodeBuffer*, int, OopMapSet*, ExceptionHandlerTable*, ImplicitExceptionTable*, AbstractCompiler*, bool, bool, RTMState, GrowableArrayView<RuntimeStub*> const&)+0x3eb
V  [libjvm.so+0xc4164f]  PhaseOutput::install_code(ciMethod*, int, AbstractCompiler*, bool, bool, RTMState)+0x11f
V  [libjvm.so+0xc41731]  PhaseOutput::install()+0x81
V  [libjvm.so+0x5ca3c7]  Compile::Code_Gen()+0x5f7
V  [libjvm.so+0x5cfb27]  Compile::Compile(ciEnv*, ciMethod*, int, bool, bool, bool, bool, bool, DirectiveSet*)+0x1567
V  [libjvm.so+0x50f078]  C2Compiler::compile_method(ciEnv*, ciMethod*, int, bool, DirectiveSet*)+0x118
V  [libjvm.so+0x5d82d3]  CompileBroker::invoke_compiler_on_method(CompileTask*)+0xe93
V  [libjvm.so+0x5d91f8]  CompileBroker::compiler_thread_loop()+0x728
V  [libjvm.so+0xea087f]  JavaThread::thread_main_inner()+0x1af
V  [libjvm.so+0xea40a5]  Thread::call_run()+0xa5
V  [libjvm.so+0xc2c8f3]  thread_native_entry(Thread*)+0xe3


---------------  P R O C E S S  ---------------

Threads class SMR info:
_java_thread_list=0x00007f02415b8f90, length=35, elements={
0x00007f027001aa10, 0x00007f02700d7590, 0x00007f02700d8970, 0x00007f02700df650,
0x00007f02700e0a00, 0x00007f02700e1e10, 0x00007f02700e37c0, 0x00007f02700e4cf0,
0x00007f02700e6160, 0x00007f02700f2260, 0x00007f02701acfb0, 0x00007f02712c6c30,
0x00007f0271330350, 0x00007f0271367370, 0x00007f01e4018f70, 0x00007f01ec0064e0,
0x00007f01ec008f90, 0x00007f01ec00ebc0, 0x00007f0240006340, 0x00007f024000d580,
0x00007f024000f880, 0x00007f0240199270, 0x00007f02401a0910, 0x00007f02401da300,
0x00007f0240a85a30, 0x00007f0240a8a850, 0x00007f02406c02c0, 0x00007f02402fb8b0,
0x00007f02405a8700, 0x00007f0240260950, 0x00007f0240811810, 0x00007f02408c3de0,
0x00007f02408cbc40, 0x00007f02419622a0, 0x00007f02415b8260
}

Java Threads: ( => current thread )
  0x00007f027001aa10 JavaThread "main" [_thread_blocked, id=2742, stack(0x00007f02777d9000,0x00007f02778d9000)]
  0x00007f02700d7590 JavaThread "Reference Handler" daemon [_thread_blocked, id=2750, stack(0x00007f0255122000,0x00007f0255222000)]
  0x00007f02700d8970 JavaThread "Finalizer" daemon [_thread_blocked, id=2751, stack(0x00007f0255021000,0x00007f0255121000)]
  0x00007f02700df650 JavaThread "Signal Dispatcher" daemon [_thread_blocked, id=2752, stack(0x00007f0254f20000,0x00007f0255020000)]
  0x00007f02700e0a00 JavaThread "Service Thread" daemon [_thread_blocked, id=2753, stack(0x00007f0254e1f000,0x00007f0254f1f000)]
  0x00007f02700e1e10 JavaThread "Monitor Deflation Thread" daemon [_thread_blocked, id=2754, stack(0x00007f0254d1e000,0x00007f0254e1e000)]
=>0x00007f02700e37c0 JavaThread "C2 CompilerThread0" daemon [_thread_in_vm, id=2755, stack(0x00007f0254c1d000,0x00007f0254d1d000)]
  0x00007f02700e4cf0 JavaThread "C1 CompilerThread0" daemon [_thread_blocked, id=2756, stack(0x00007f0254b1c000,0x00007f0254c1c000)]
  0x00007f02700e6160 JavaThread "Sweeper thread" daemon [_thread_blocked, id=2757, stack(0x00007f0254a1b000,0x00007f0254b1b000)]
  0x00007f02700f2260 JavaThread "Common-Cleaner" daemon [_thread_blocked, id=2758, stack(0x00007f025491a000,0x00007f0254a1a000)]
  0x00007f02701acfb0 JavaThread "Notification Thread" daemon [_thread_blocked, id=2759, stack(0x00007f02547e1000,0x00007f02548e1000)]
  0x00007f02712c6c30 JavaThread "Daemon health stats" [_thread_in_Java, id=2767, stack(0x00007f0254100000,0x00007f0254200000)]
  0x00007f0271330350 JavaThread "Incoming local TCP Connector on port 34605" [_thread_in_native, id=2768, stack(0x00007f01faf00000,0x00007f01fb000000)]
  0x00007f0271367370 JavaThread "Daemon periodic checks" [_thread_blocked, id=2770, stack(0x00007f01fab00000,0x00007f01fac00000)]
  0x00007f01e4018f70 JavaThread "Daemon" [_thread_blocked, id=2771, stack(0x00007f01fa9ff000,0x00007f01faaff000)]
  0x00007f01ec0064e0 JavaThread "Handler for socket connection from /127.0.0.1:34605 to /127.0.0.1:46968" [_thread_in_native, id=2772, stack(0x00007f01fa8fe000,0x00007f01fa9fe000)]
  0x00007f01ec008f90 JavaThread "Cancel handler" [_thread_blocked, id=2773, stack(0x00007f01fa7fd000,0x00007f01fa8fd000)]
  0x00007f01ec00ebc0 JavaThread "Daemon worker" [_thread_blocked, id=2774, stack(0x00007f01fa6fc000,0x00007f01fa7fc000)]
  0x00007f0240006340 JavaThread "Asynchronous log dispatcher for DefaultDaemonConnection: socket connection from /127.0.0.1:34605 to /127.0.0.1:46968" [_thread_blocked, id=2775, stack(0x00007f01fa5fb000,0x00007f01fa6fb000)]
  0x00007f024000d580 JavaThread "Stdin handler" [_thread_blocked, id=2776, stack(0x00007f01fa4fa000,0x00007f01fa5fa000)]
  0x00007f024000f880 JavaThread "Daemon client event forwarder" [_thread_in_vm, id=2777, stack(0x00007f01fa3f9000,0x00007f01fa4f9000)]
  0x00007f0240199270 JavaThread "Cache worker for journal cache (/root/.gradle/caches/journal-1)" [_thread_blocked, id=2779, stack(0x00007f01fa2f8000,0x00007f01fa3f8000)]
  0x00007f02401a0910 JavaThread "File lock request listener" [_thread_in_native, id=2781, stack(0x00007f01fa1f7000,0x00007f01fa2f7000)]
  0x00007f02401da300 JavaThread "Cache worker for file hash cache (/root/.gradle/caches/8.10.2/fileHashes)" [_thread_blocked, id=2783, stack(0x00007f01fa0f6000,0x00007f01fa1f6000)]
  0x00007f0240a85a30 JavaThread "Cache worker for file hash cache (/workspace/.gradle/8.10.2/fileHashes)" [_thread_blocked, id=2786, stack(0x00007f01f9ff5000,0x00007f01fa0f5000)]
  0x00007f0240a8a850 JavaThread "Cache worker for Build Output Cleanup Cache (/workspace/.gradle/buildOutputCleanup)" [_thread_blocked, id=2787, stack(0x00007f01f9ef4000,0x00007f01f9ff4000)]
  0x00007f02406c02c0 JavaThread "Cache worker for checksums cache (/workspace/.gradle/8.10.2/checksums)" [_thread_blocked, id=2790, stack(0x00007f01f9df3000,0x00007f01f9ef3000)]
  0x00007f02402fb8b0 JavaThread "Cache worker for file content cache (/root/.gradle/caches/8.10.2/fileContent)" [_thread_blocked, id=2791, stack(0x00007f01f9cf2000,0x00007f01f9df2000)]
  0x00007f02405a8700 JavaThread "Cache worker for cache directory md-rule (/root/.gradle/caches/8.10.2/md-rule)" [_thread_blocked, id=2792, stack(0x00007f01f9bf1000,0x00007f01f9cf1000)]
  0x00007f0240260950 JavaThread "Cache worker for cache directory md-supplier (/root/.gradle/caches/8.10.2/md-supplier)" [_thread_blocked, id=2793, stack(0x00007f01f9af0000,0x00007f01f9bf0000)]
  0x00007f0240811810 JavaThread "Unconstrained build operations" [_thread_blocked, id=2806, stack(0x00007f01f99ef000,0x00007f01f9aef000)]
  0x00007f02408c3de0 JavaThread "Unconstrained build operations Thread 2" [_thread_blocked, id=2808, stack(0x00007f01f98ee000,0x00007f01f99ee000)]
  0x00007f02408cbc40 JavaThread "Unconstrained build operations Thread 3" [_thread_blocked, id=2810, stack(0x00007f01f97ed000,0x00007f01f98ed000)]
  0x00007f02419622a0 JavaThread "Memory manager" [_thread_in_vm, id=2825, stack(0x00007f01f96ec000,0x00007f01f97ec000)]
  0x00007f02415b8260 JavaThread "build event listener" [_thread_blocked, id=2836, stack(0x00007f01f95eb000,0x00007f01f96eb000)]

Other Threads:
  0x00007f02700d3490 VMThread "VM Thread" [stack: 0x00007f0255223000,0x00007f0255323000] [id=2749]
  0x00007f027001cd80 WatcherThread [stack: 0x00007f02546e0000,0x00007f02547e0000] [id=2760]
  0x00007f0270075890 GCTaskThread "GC Thread#0" [stack: 0x00007f027466e000,0x00007f027476e000] [id=2744]
  0x00007f01f4004990 GCTaskThread "GC Thread#1" [stack: 0x00007f02545df000,0x00007f02546df000] [id=2761]
  0x00007f0270086e70 ConcurrentGCThread "G1 Main Marker" [stack: 0x00007f027456d000,0x00007f027466d000] [id=2745]
  0x00007f0270087de0 ConcurrentGCThread "G1 Conc#0" [stack: 0x00007f027446c000,0x00007f027456c000] [id=2746]
  0x00007f02700a6a10 ConcurrentGCThread "G1 Refine#0" [stack: 0x00007f0274169000,0x00007f0274269000] [id=2747]
  0x00007f0240000ea0 ConcurrentGCThread "G1 Refine#1" [stack: 0x00007f02544c2000,0x00007f02545c2000] [id=2764]
  0x00007f02700a7910 ConcurrentGCThread "G1 Service" [stack: 0x00007f0274068000,0x00007f0274168000] [id=2748]

Threads with active compile tasks:
C2 CompilerThread0  55669 9853 %     4       org.gradle.internal.instantiation.generator.AbstractClassGenerator::inspectType @ 77 (560 bytes)

VM state: not at safepoint (normal execution)

VM Mutex/Monitor currently owned by a thread:  ([mutex/lock_event])
[0x00007f02700164c0] CodeCache_lock - owner thread: 0x00007f02700e37c0
[0x00007f0270018750] Compile_lock - owner thread: 0x00007f02700e37c0
[0x00007f0270018960] MethodCompileQueue_lock - owner thread: 0x00007f02700e37c0

Heap address: 0x0000000080000000, size: 2048 MB, Compressed Oops mode: 32-bit

CDS archive(s) mapped at: [0x00007f01ff000000-0x00007f01ffbca000-0x00007f01ffbca000), size 12361728, SharedBaseAddress: 0x00007f01ff000000, ArchiveRelocationMode: 1.
Compressed class space mapped at: 0x00007f0200000000-0x00007f0240000000, reserved size: 1073741824
Narrow klass base: 0x00007f01ff000000, Narrow klass shift: 0, Narrow klass range: 0x100000000

GC Precious Log:
 CPUs: 2 total, 2 available
 Memory: 2048M
 Large Page Support: Disabled
 NUMA Support: Disabled
 Compressed Oops: Enabled (32-bit)
 Heap Region Size: 1M
 Heap Min Capacity: 8M
 Heap Initial Capacity: 32M
 Heap Max Capacity: 2G
 Pre-touch: Disabled
 Parallel Workers: 2
 Concurrent Workers: 1
 Concurrent Refinement Workers: 2
 Periodic GC: Disabled

Heap:
 garbage-first heap   total 198656K, used 139450K [0x0000000080000000, 0x0000000100000000)
  region size 1024K, 63 young (64512K), 3 survivors (3072K)
 Metaspace       used 72713K, committed 73472K, reserved 1114112K
  class space    used 10082K, committed 10432K, reserved 1048576K

Heap Regions: E=young(eden), S=young(survivor), O=old, HS=humongous(starts), HC=humongous(continues), CS=collection set, F=free, OA=open archive, CA=closed archive, TAMS=top-at-mark-start (previous, next)
|   0|0x0000000080000000, 0x0000000080100000, 0x0000000080100000|100%|HS|  |TAMS 0x0000000080100000, 0x0000000080000000| Complete 
|   1|0x0000000080100000, 0x0000000080200000, 0x0000000080200000|100%|HC|  |TAMS 0x0000000080200000, 0x0000000080100000| Complete 
|   2|0x0000000080200000, 0x0000000080300000, 0x0000000080300000|100%|HC|  |TAMS 0x0000000080300000, 0x0000000080200000| Complete 
|   3|0x0000000080300000, 0x0000000080400000, 0x0000000080400000|100%|HC|  |TAMS 0x0000000080400000, 0x0000000080300000| Complete 
|   4|0x0000000080400000, 0x0000000080500000, 0x0000000080500000|100%| O|  |TAMS 0x0000000080500000, 0x0000000080400000| Untracked 
|   5|0x0000000080500000, 0x0000000080600000, 0x0000000080600000|100%| O|  |TAMS 0x0000000080600000, 0x0000000080500000| Untracked 
|   6|0x0000000080600000, 0x0000000080700000, 0x0000000080700000|100%| O|  |TAMS 0x0000000080700000, 0x0000000080600000| Untracked 
|   7|0x0000000080700000, 0x0000000080800000, 0x0000000080800000|100%| O|  |TAMS 0x0000000080800000, 0x0000000080700000| Untracked 
|   8|0x0000000080800000, 0x0000000080900000, 0x0000000080900000|100%| O|  |TAMS 0x0000000080900000, 0x0000000080800000| Untracked 
|   9|0x0000000080900000, 0x0000000080a00000, 0x0000000080a00000|100%| O|  |TAMS 0x0000000080a00000, 0x0000000080900000| Untracked 
|  10|0x0000000080a00000, 0x0000000080b00000, 0x0000000080b00000|100%|HS|  |TAMS 0x0000000080b00000, 0x0000000080a00000| Complete 
|  11|0x0000000080b00000, 0x0000000080c00000, 0x0000000080c00000|100%| O|  |TAMS 0x0000000080c00000, 0x0000000080b00000| Untracked 
|  12|0x0000000080c00000, 0x0000000080d00000, 0x0000000080d00000|100%| O|  |TAMS 0x0000000080d00000, 0x0000000080c00000| Untracked 
|  13|0x0000000080d00000, 0x0000000080e00000, 0x0000000080e00000|100%| O|  |TAMS 0x0000000080e00000, 0x0000000080d00000| Untracked 
|  14|0x0000000080e00000, 0x0000000080f00000, 0x0000000080f00000|100%| O|  |TAMS 0x0000000080f00000, 0x0000000080e00000| Untracked 
|  15|0x0000000080f00000, 0x0000000081000000, 0x0000000081000000|100%| O|  |TAMS 0x0000000081000000, 0x0000000080f00000| Untracked 
|  16|0x0000000081000000, 0x0000000081100000, 0x0000000081100000|100%| O|  |TAMS 0x0000000081100000, 0x0000000081000000| Untracked 
|  17|0x0000000081100000, 0x0000000081200000, 0x0000000081200000|100%| O|  |TAMS 0x0000000081200000, 0x0000000081100000| Untracked 
|  18|0x0000000081200000, 0x00000000812c7c00, 0x0000000081300000| 78%| O|  |TAMS 0x00000000812c7c00, 0x0000000081200000| Untracked 
|  19|0x0000000081300000, 0x0000000081400000, 0x0000000081400000|100%| O|  |TAMS 0x0000000081400000, 0x0000000081300000| Untracked 
|  20|0x0000000081400000, 0x0000000081500000, 0x0000000081500000|100%| O|  |TAMS 0x0000000081500000, 0x0000000081400000| Untracked 
|  21|0x0000000081500000, 0x0000000081600000, 0x0000000081600000|100%| O|  |TAMS 0x0000000081600000, 0x0000000081500000| Untracked 
|  22|0x0000000081600000, 0x0000000081700000, 0x0000000081700000|100%| O|  |TAMS 0x0000000081700000, 0x0000000081600000| Untracked 
|  23|0x0000000081700000, 0x0000000081800000, 0x0000000081800000|100%| O|  |TAMS 0x0000000081700000, 0x0000000081700000| Untracked 
|  24|0x0000000081800000, 0x0000000081900000, 0x0000000081900000|100%| O|  |TAMS 0x0000000081900000, 0x0000000081800000| Untracked 
|  25|0x0000000081900000, 0x0000000081a00000, 0x0000000081a00000|100%| O|  |TAMS 0x0000000081a00000, 0x0000000081900000| Untracked 
|  26|0x0000000081a00000, 0x0000000081b00000, 0x0000000081b00000|100%| O|  |TAMS 0x0000000081b00000, 0x0000000081a00000| Untracked 
|  27|0x0000000081b00000, 0x0000000081c00000, 0x0000000081c00000|100%| O|  |TAMS 0x0000000081c00000, 0x0000000081b00000| Untracked 
|  28|0x0000000081c00000, 0x0000000081d00000, 0x0000000081d00000|100%| O|  |TAMS 0x0000000081d00000, 0x0000000081c00000| Untracked 
|  29|0x0000000081d00000, 0x0000000081e00000, 0x0000000081e00000|100%| O|  |TAMS 0x0000000081e00000, 0x0000000081d00000| Untracked 
|  30|0x0000000081e00000, 0x0000000081f00000, 0x0000000081f00000|100%| O|  |TAMS 0x0000000081f00000, 0x0000000081e00000| Untracked 
|  31|0x0000000081f00000, 0x0000000082000000, 0x0000000082000000|100%| O|  |TAMS 0x0000000082000000, 0x0000000081f00000| Untracked 
|  32|0x0000000082000000, 0x0000000082100000, 0x0000000082100000|100%| O|  |TAMS 0x0000000082100000, 0x0000000082000000| Untracked 
|  33|0x0000000082100000, 0x0000000082200000, 0x0000000082200000|100%| O|  |TAMS 0x0000000082200000, 0x0000000082100000| Untracked 
|  34|0x0000000082200000, 0x0000000082300000, 0x0000000082300000|100%| O|  |TAMS 0x0000000082300000, 0x0000000082200000| Untracked 
|  35|0x0000000082300000, 0x0000000082400000, 0x0000000082400000|100%| O|  |TAMS 0x0000000082400000, 0x0000000082300000| Untracked 
|  36|0x0000000082400000, 0x0000000082500000, 0x0000000082500000|100%| O|  |TAMS 0x0000000082500000, 0x0000000082400000| Untracked 
|  37|0x0000000082500000, 0x0000000082600000, 0x0000000082600000|100%| O|  |TAMS 0x0000000082600000, 0x0000000082500000| Untracked 
|  38|0x0000000082600000, 0x0000000082700000, 0x0000000082700000|100%| O|  |TAMS 0x0000000082700000, 0x0000000082600000| Untracked 
|  39|0x0000000082700000, 0x0000000082800000, 0x0000000082800000|100%|HS|  |TAMS 0x0000000082800000, 0x0000000082700000| Complete 
|  40|0x0000000082800000, 0x0000000082900000, 0x0000000082900000|100%|HS|  |TAMS 0x0000000082900000, 0x0000000082800000| Complete 
|  41|0x0000000082900000, 0x0000000082a00000, 0x0000000082a00000|100%|HS|  |TAMS 0x0000000082a00000, 0x0000000082900000| Complete 
|  42|0x0000000082a00000, 0x0000000082b00000, 0x0000000082b00000|100%|HC|  |TAMS 0x0000000082b00000, 0x0000000082a00000| Complete 
|  43|0x0000000082b00000, 0x0000000082c00000, 0x0000000082c00000|100%|HS|  |TAMS 0x0000000082c00000, 0x0000000082b00000| Complete 
|  44|0x0000000082c00000, 0x0000000082d00000, 0x0000000082d00000|100%|HC|  |TAMS 0x0000000082d00000, 0x0000000082c00000| Complete 
|  45|0x0000000082d00000, 0x0000000082e00000, 0x0000000082e00000|100%| O|  |TAMS 0x0000000082e00000, 0x0000000082d00000| Untracked 
|  46|0x0000000082e00000, 0x0000000082f00000, 0x0000000082f00000|100%| O|  |TAMS 0x0000000082f00000, 0x0000000082e00000| Untracked 
|  47|0x0000000082f00000, 0x0000000083000000, 0x0000000083000000|100%|HS|  |TAMS 0x0000000083000000, 0x0000000082f00000| Complete 
|  48|0x0000000083000000, 0x0000000083100000, 0x0000000083100000|100%|HS|  |TAMS 0x0000000083100000, 0x0000000083000000| Complete 
|  49|0x0000000083100000, 0x0000000083200000, 0x0000000083200000|100%|HC|  |TAMS 0x0000000083200000, 0x0000000083100000| Complete 
|  50|0x0000000083200000, 0x0000000083300000, 0x0000000083300000|100%|HC|  |TAMS 0x0000000083300000, 0x0000000083200000| Complete 
|  51|0x0000000083300000, 0x0000000083400000, 0x0000000083400000|100%|HS|  |TAMS 0x0000000083400000, 0x0000000083300000| Complete 
|  52|0x0000000083400000, 0x0000000083500000, 0x0000000083500000|100%|HS|  |TAMS 0x0000000083500000, 0x0000000083400000| Complete 
|  53|0x0000000083500000, 0x0000000083600000, 0x0000000083600000|100%| O|  |TAMS 0x0000000083600000, 0x0000000083500000| Untracked 
|  54|0x0000000083600000, 0x0000000083700000, 0x0000000083700000|100%| O|  |TAMS 0x0000000083700000, 0x0000000083600000| Untracked 
|  55|0x0000000083700000, 0x0000000083800000, 0x0000000083800000|100%| O|  |TAMS 0x0000000083800000, 0x0000000083700000| Untracked 
|  56|0x0000000083800000, 0x0000000083900000, 0x0000000083900000|100%| O|  |TAMS 0x0000000083900000, 0x0000000083800000| Untracked 
|  57|0x0000000083900000, 0x0000000083a00000, 0x0000000083a00000|100%| O|  |TAMS 0x0000000083a00000, 0x0000000083900000| Untracked 
|  58|0x0000000083a00000, 0x0000000083b00000, 0x0000000083b00000|100%| O|  |TAMS 0x0000000083b00000, 0x0000000083a00000| Untracked 
|  59|0x0000000083b00000, 0x0000000083c00000, 0x0000000083c00000|100%| O|  |TAMS 0x0000000083bf5200, 0x0000000083b00000| Untracked 
|  60|0x0000000083c00000, 0x0000000083d00000, 0x0000000083d00000|100%|HS|  |TAMS 0x0000000083d00000, 0x0000000083c00000| Complete 
|  61|0x0000000083d00000, 0x0000000083e00000, 0x0000000083e00000|100%| O|  |TAMS 0x0000000083d00000, 0x0000000083d00000| Untracked 
|  62|0x0000000083e00000, 0x0000000083f00000, 0x0000000083f00000|100%| O|  |TAMS 0x0000000083e00000, 0x0000000083e00000| Untracked 
|  63|0x0000000083f00000, 0x0000000084000000, 0x0000000084000000|100%| O|  |TAMS 0x0000000083f00000, 0x0000000083f00000| Untracked 
|  64|0x0000000084000000, 0x0000000084100000, 0x0000000084100000|100%|HS|  |TAMS 0x0000000084000000, 0x0000000084000000| Complete 
|  65|0x0000000084100000, 0x0000000084200000, 0x0000000084200000|100%|HC|  |TAMS 0x0000000084100000, 0x0000000084100000| Complete 
|  66|0x0000000084200000, 0x0000000084300000, 0x0000000084300000|100%|HC|  |TAMS 0x0000000084200000, 0x0000000084200000| Complete 
|  67|0x0000000084300000, 0x0000000084400000, 0x0000000084400000|100%| O|  |TAMS 0x0000000084300000, 0x0000000084300000| Untracked 
|  68|0x0000000084400000, 0x0000000084500000, 0x0000000084500000|100%|HS|  |TAMS 0x0000000084400000, 0x0000000084400000| Complete 
|  69|0x0000000084500000, 0x0000000084600000, 0x0000000084600000|100%| O|  |TAMS 0x0000000084500000, 0x0000000084500000| Untracked 
|  70|0x0000000084600000, 0x0000000084700000, 0x0000000084700000|100%| O|  |TAMS 0x0000000084600000, 0x0000000084600000| Untracked 
|  71|0x0000000084700000, 0x0000000084800000, 0x0000000084800000|100%| O|  |TAMS 0x0000000084700000, 0x0000000084700000| Untracked 
|  72|0x0000000084800000, 0x0000000084900000, 0x0000000084900000|100%| O|  |TAMS 0x0000000084800000, 0x0000000084800000| Untracked 
|  73|0x0000000084900000, 0x0000000084979c00, 0x0000000084a00000| 47%| O|  |TAMS 0x0000000084900000, 0x0000000084900000| Untracked 
|  74|0x0000000084a00000, 0x0000000084a00000, 0x0000000084b00000|  0%| F|  |TAMS 0x0000000084a00000, 0x0000000084a00000| Untracked 
|  75|0x0000000084b00000, 0x0000000084b00000, 0x0000000084c00000|  0%| F|  |TAMS 0x0000000084b00000, 0x0000000084b00000| Untracked 
|  76|0x0000000084c00000, 0x0000000084c00000, 0x0000000084d00000|  0%| F|  |TAMS 0x0000000084c00000, 0x0000000084c00000| Untracked 
|  77|0x0000000084d00000, 0x0000000084d00000, 0x0000000084e00000|  0%| F|  |TAMS 0x0000000084d00000, 0x0000000084d00000| Untracked 
|  78|0x0000000084e00000, 0x0000000084e00000, 0x0000000084f00000|  0%| F|  |TAMS 0x0000000084e00000, 0x0000000084e00000| Untracked 
|  79|0x0000000084f00000, 0x0000000084f00000, 0x0000000085000000|  0%| F|  |TAMS 0x0000000084f00000, 0x0000000084f00000| Untracked 
|  80|0x0000000085000000, 0x0000000085000000, 0x0000000085100000|  0%| F|  |TAMS 0x0000000085000000, 0x0000000085000000| Untracked 
|  81|0x0000000085100000, 0x0000000085100000, 0x0000000085200000|  0%| F|  |TAMS 0x0000000085100000, 0x0000000085100000| Untracked 
|  82|0x0000000085200000, 0x0000000085200000, 0x0000000085300000|  0%| F|  |TAMS 0x0000000085200000, 0x0000000085200000| Untracked 
|  83|0x0000000085300000, 0x0000000085300000, 0x0000000085400000|  0%| F|  |TAMS 0x0000000085300000, 0x0000000085300000| Untracked 
|  84|0x0000000085400000, 0x0000000085400000, 0x0000000085500000|  0%| F|  |TAMS 0x0000000085400000, 0x0000000085400000| Untracked 
|  85|0x0000000085500000, 0x0000000085500000, 0x0000000085600000|  0%| F|  |TAMS 0x0000000085500000, 0x0000000085500000| Untracked 
|  86|0x0000000085600000, 0x0000000085600000, 0x0000000085700000|  0%| F|  |TAMS 0x0000000085600000, 0x0000000085600000| Untracked 
|  87|0x0000000085700000, 0x0000000085700000, 0x0000000085800000|  0%| F|  |TAMS 0x0000000085700000, 0x0000000085700000| Untracked 
|  88|0x0000000085800000, 0x0000000085800000, 0x0000000085900000|  0%| F|  |TAMS 0x0000000085800000, 0x0000000085800000| Untracked 
|  89|0x0000000085900000, 0x0000000085900000, 0x0000000085a00000|  0%| F|  |TAMS 0x0000000085900000, 0x0000000085900000| Untracked 
|  90|0x0000000085a00000, 0x0000000085a00000, 0x0000000085b00000|  0%| F|  |TAMS 0x0000000085a00000, 0x0000000085a00000| Untracked 
|  91|0x0000000085b00000, 0x0000000085b00000, 0x0000000085c00000|  0%| F|  |TAMS 0x0000000085b00000, 0x0000000085b00000| Untracked 
|  92|0x0000000085c00000, 0x0000000085c00000, 0x0000000085d00000|  0%| F|  |TAMS 0x0000000085c00000, 0x0000000085c00000| Untracked 
|  93|0x0000000085d00000, 0x0000000085d00000, 0x0000000085e00000|  0%| F|  |TAMS 0x0000000085d00000, 0x0000000085d00000| Untracked 
|  94|0x0000000085e00000, 0x0000000085e00000, 0x0000000085f00000|  0%| F|  |TAMS 0x0000000085e00000, 0x0000000085e00000| Untracked 
|  95|0x0000000085f00000, 0x0000000085f00000, 0x0000000086000000|  0%| F|  |TAMS 0x0000000085f00000, 0x0000000085f00000| Untracked 
|  96|0x0000000086000000, 0x0000000086000000, 0x0000000086100000|  0%| F|  |TAMS 0x0000000086000000, 0x0000000086000000| Untracked 
|  97|0x0000000086100000, 0x0000000086100000, 0x0000000086200000|  0%| F|  |TAMS 0x0000000086100000, 0x0000000086100000| Untracked 
|  98|0x0000000086200000, 0x0000000086200000, 0x0000000086300000|  0%| F|  |TAMS 0x0000000086200000, 0x0000000086200000| Untracked 
|  99|0x0000000086300000, 0x0000000086300000, 0x0000000086400000|  0%| F|  |TAMS 0x0000000086300000, 0x0000000086300000| Untracked 
| 100|0x0000000086400000, 0x0000000086400000, 0x0000000086500000|  0%| F|  |TAMS 0x0000000086400000, 0x0000000086400000| Untracked 
| 101|0x0000000086500000, 0x0000000086500000, 0x0000000086600000|  0%| F|  |TAMS 0x0000000086500000, 0x0000000086500000| Untracked 
| 102|0x0000000086600000, 0x0000000086600000, 0x0000000086700000|  0%| F|  |TAMS 0x0000000086600000, 0x0000000086600000| Untracked 
| 103|0x0000000086700000, 0x0000000086700000, 0x0000000086800000|  0%| F|  |TAMS 0x0000000086700000, 0x0000000086700000| Untracked 
| 104|0x0000000086800000, 0x0000000086800000, 0x0000000086900000|  0%| F|  |TAMS 0x0000000086800000, 0x0000000086800000| Untracked 
| 105|0x0000000086900000, 0x0000000086900000, 0x0000000086a00000|  0%| F|  |TAMS 0x0000000086900000, 0x0000000086900000| Untracked 
| 106|0x0000000086a00000, 0x0000000086a00000, 0x0000000086b00000|  0%| F|  |TAMS 0x0000000086a00000, 0x0000000086a00000| Untracked 
| 107|0x0000000086b00000, 0x0000000086b00000, 0x0000000086c00000|  0%| F|  |TAMS 0x0000000086b00000, 0x0000000086b00000| Untracked 
| 108|0x0000000086c00000, 0x0000000086c00000, 0x0000000086d00000|  0%| F|  |TAMS 0x0000000086c00000, 0x0000000086c00000| Untracked 
| 109|0x0000000086d00000, 0x0000000086d00000, 0x0000000086e00000|  0%| F|  |TAMS 0x0000000086d00000, 0x0000000086d00000| Untracked 
| 110|0x0000000086e00000, 0x0000000086e00000, 0x0000000086f00000|  0%| F|  |TAMS 0x0000000086e00000, 0x0000000086e00000| Untracked 
| 111|0x0000000086f00000, 0x0000000086f00000, 0x0000000087000000|  0%| F|  |TAMS 0x0000000086f00000, 0x0000000086f00000| Untracked 
| 112|0x0000000087000000, 0x0000000087000000, 0x0000000087100000|  0%| F|  |TAMS 0x0000000087000000, 0x0000000087000000| Untracked 
| 113|0x0000000087100000, 0x0000000087100000, 0x0000000087200000|  0%| F|  |TAMS 0x0000000087100000, 0x0000000087100000| Untracked 
| 114|0x0000000087200000, 0x0000000087200000, 0x0000000087300000|  0%| F|  |TAMS 0x0000000087200000, 0x0000000087200000| Untracked 
| 115|0x0000000087300000, 0x0000000087300000, 0x0000000087400000|  0%| F|  |TAMS 0x0000000087300000, 0x0000000087300000| Untracked 
| 116|0x0000000087400000, 0x0000000087400000, 0x0000000087500000|  0%| F|  |TAMS 0x0000000087400000, 0x0000000087400000| Untracked 
| 117|0x0000000087500000, 0x0000000087500000, 0x0000000087600000|  0%| F|  |TAMS 0x0000000087500000, 0x0000000087500000| Untracked 
| 118|0x0000000087600000, 0x0000000087600000, 0x0000000087700000|  0%| F|  |TAMS 0x0000000087600000, 0x0000000087600000| Untracked 
| 119|0x0000000087700000, 0x0000000087700000, 0x0000000087800000|  0%| F|  |TAMS 0x0000000087700000, 0x0000000087700000| Untracked 
| 120|0x0000000087800000, 0x0000000087800000, 0x0000000087900000|  0%| F|  |TAMS 0x0000000087800000, 0x0000000087800000| Untracked 
| 121|0x0000000087900000, 0x0000000087a00000, 0x0000000087a00000|100%| S|CS|TAMS 0x0000000087900000, 0x0000000087900000| Complete 
| 122|0x0000000087a00000, 0x0000000087b00000, 0x0000000087b00000|100%| S|CS|TAMS 0x0000000087a00000, 0x0000000087a00000| Complete 
| 123|0x0000000087b00000, 0x0000000087c00000, 0x0000000087c00000|100%| S|CS|TAMS 0x0000000087b00000, 0x0000000087b00000| Complete 
| 124|0x0000000087c00000, 0x0000000087c00000, 0x0000000087d00000|  0%| F|  |TAMS 0x0000000087c00000, 0x0000000087c00000| Untracked 
| 125|0x0000000087d00000, 0x0000000087d00000, 0x0000000087e00000|  0%| F|  |TAMS 0x0000000087d00000, 0x0000000087d00000| Untracked 
| 126|0x0000000087e00000, 0x0000000087e00000, 0x0000000087f00000|  0%| F|  |TAMS 0x0000000087e00000, 0x0000000087e00000| Untracked 
| 127|0x0000000087f00000, 0x0000000087f00000, 0x0000000088000000|  0%| F|  |TAMS 0x0000000087f00000, 0x0000000087f00000| Untracked 
| 128|0x0000000088000000, 0x0000000088000000, 0x0000000088100000|  0%| F|  |TAMS 0x0000000088000000, 0x0000000088000000| Untracked 
| 129|0x0000000088100000, 0x0000000088100000, 0x0000000088200000|  0%| F|  |TAMS 0x0000000088100000, 0x0000000088100000| Untracked 
| 130|0x0000000088200000, 0x0000000088200000, 0x0000000088300000|  0%| F|  |TAMS 0x0000000088200000, 0x0000000088200000| Untracked 
| 131|0x0000000088300000, 0x0000000088300000, 0x0000000088400000|  0%| F|  |TAMS 0x0000000088300000, 0x0000000088300000| Untracked 
| 132|0x0000000088400000, 0x00000000884b2c90, 0x0000000088500000| 69%| E|  |TAMS 0x0000000088400000, 0x0000000088400000| Complete 
| 133|0x0000000088500000, 0x0000000088600000, 0x0000000088600000|100%| E|CS|TAMS 0x0000000088500000, 0x0000000088500000| Complete 
| 134|0x0000000088600000, 0x0000000088700000, 0x0000000088700000|100%| E|CS|TAMS 0x0000000088600000, 0x0000000088600000| Complete 
| 135|0x0000000088700000, 0x0000000088800000, 0x0000000088800000|100%| E|CS|TAMS 0x0000000088700000, 0x0000000088700000| Complete 
| 136|0x0000000088800000, 0x0000000088900000, 0x0000000088900000|100%| E|CS|TAMS 0x0000000088800000, 0x0000000088800000| Complete 
| 137|0x0000000088900000, 0x0000000088a00000, 0x0000000088a00000|100%| E|CS|TAMS 0x0000000088900000, 0x0000000088900000| Complete 
| 138|0x0000000088a00000, 0x0000000088b00000, 0x0000000088b00000|100%| E|CS|TAMS 0x0000000088a00000, 0x0000000088a00000| Complete 
| 139|0x0000000088b00000, 0x0000000088c00000, 0x0000000088c00000|100%| E|CS|TAMS 0x0000000088b00000, 0x0000000088b00000| Complete 
| 140|0x0000000088c00000, 0x0000000088d00000, 0x0000000088d00000|100%| E|CS|TAMS 0x0000000088c00000, 0x0000000088c00000| Complete 
| 141|0x0000000088d00000, 0x0000000088e00000, 0x0000000088e00000|100%| E|CS|TAMS 0x0000000088d00000, 0x0000000088d00000| Complete 
| 142|0x0000000088e00000, 0x0000000088f00000, 0x0000000088f00000|100%| E|CS|TAMS 0x0000000088e00000, 0x0000000088e00000| Complete 
| 143|0x0000000088f00000, 0x0000000089000000, 0x0000000089000000|100%| E|CS|TAMS 0x0000000088f00000, 0x0000000088f00000| Complete 
| 144|0x0000000089000000, 0x0000000089100000, 0x0000000089100000|100%| E|CS|TAMS 0x0000000089000000, 0x0000000089000000| Complete 
| 145|0x0000000089100000, 0x0000000089200000, 0x0000000089200000|100%| E|CS|TAMS 0x0000000089100000, 0x0000000089100000| Complete 
| 146|0x0000000089200000, 0x0000000089300000, 0x0000000089300000|100%| E|CS|TAMS 0x0000000089200000, 0x0000000089200000| Complete 
| 147|0x0000000089300000, 0x0000000089400000, 0x0000000089400000|100%| E|CS|TAMS 0x0000000089300000, 0x0000000089300000| Complete 
| 148|0x0000000089400000, 0x0000000089500000, 0x0000000089500000|100%| E|CS|TAMS 0x0000000089400000, 0x0000000089400000| Complete 
| 149|0x0000000089500000, 0x0000000089600000, 0x0000000089600000|100%| E|CS|TAMS 0x0000000089500000, 0x0000000089500000| Complete 
| 150|0x0000000089600000, 0x0000000089700000, 0x0000000089700000|100%| E|CS|TAMS 0x0000000089600000, 0x0000000089600000| Complete 
| 151|0x0000000089700000, 0x0000000089800000, 0x0000000089800000|100%| E|CS|TAMS 0x0000000089700000, 0x0000000089700000| Complete 
| 152|0x0000000089800000, 0x0000000089900000, 0x0000000089900000|100%| E|CS|TAMS 0x0000000089800000, 0x0000000089800000| Complete 
| 153|0x0000000089900000, 0x0000000089a00000, 0x0000000089a00000|100%| E|CS|TAMS 0x0000000089900000, 0x0000000089900000| Complete 
| 154|0x0000000089a00000, 0x0000000089b00000, 0x0000000089b00000|100%| E|CS|TAMS 0x0000000089a00000, 0x0000000089a00000| Complete 
| 155|0x0000000089b00000, 0x0000000089c00000, 0x0000000089c00000|100%| E|CS|TAMS 0x0000000089b00000, 0x0000000089b00000| Complete 
| 156|0x0000000089c00000, 0x0000000089d00000, 0x0000000089d00000|100%| E|CS|TAMS 0x0000000089c00000, 0x0000000089c00000| Complete 
| 157|0x0000000089d00000, 0x0000000089e00000, 0x0000000089e00000|100%| E|CS|TAMS 0x0000000089d00000, 0x0000000089d00000| Complete 
| 158|0x0000000089e00000, 0x0000000089f00000, 0x0000000089f00000|100%| E|CS|TAMS 0x0000000089e00000, 0x0000000089e00000| Complete 
| 159|0x0000000089f00000, 0x000000008a000000, 0x000000008a000000|100%| E|CS|TAMS 0x0000000089f00000, 0x0000000089f00000| Complete 
| 160|0x000000008a000000, 0x000000008a100000, 0x000000008a100000|100%| E|CS|TAMS 0x000000008a000000, 0x000000008a000000| Complete 
| 161|0x000000008a100000, 0x000000008a200000, 0x000000008a200000|100%| E|CS|TAMS 0x000000008a100000, 0x000000008a100000| Complete 
| 162|0x000000008a200000, 0x000000008a300000, 0x000000008a300000|100%| E|CS|TAMS 0x000000008a200000, 0x000000008a200000| Complete 
| 163|0x000000008a300000, 0x000000008a400000, 0x000000008a400000|100%| E|CS|TAMS 0x000000008a300000, 0x000000008a300000| Complete 
| 164|0x000000008a400000, 0x000000008a500000, 0x000000008a500000|100%| E|CS|TAMS 0x000000008a400000, 0x000000008a400000| Complete 
| 165|0x000000008a500000, 0x000000008a600000, 0x000000008a600000|100%| E|CS|TAMS 0x000000008a500000, 0x000000008a500000| Complete 
| 166|0x000000008a600000, 0x000000008a700000, 0x000000008a700000|100%| E|CS|TAMS 0x000000008a600000, 0x000000008a600000| Complete 
| 167|0x000000008a700000, 0x000000008a800000, 0x000000008a800000|100%| E|CS|TAMS 0x000000008a700000, 0x000000008a700000| Complete 
| 168|0x000000008a800000, 0x000000008a900000, 0x000000008a900000|100%| E|CS|TAMS 0x000000008a800000, 0x000000008a800000| Complete 
| 169|0x000000008a900000, 0x000000008aa00000, 0x000000008aa00000|100%| E|CS|TAMS 0x000000008a900000, 0x000000008a900000| Complete 
| 170|0x000000008aa00000, 0x000000008ab00000, 0x000000008ab00000|100%| E|CS|TAMS 0x000000008aa00000, 0x000000008aa00000| Complete 
| 171|0x000000008ab00000, 0x000000008ac00000, 0x000000008ac00000|100%| E|CS|TAMS 0x000000008ab00000, 0x000000008ab00000| Complete 
| 172|0x000000008ac00000, 0x000000008ad00000, 0x000000008ad00000|100%| E|CS|TAMS 0x000000008ac00000, 0x000000008ac00000| Complete 
| 173|0x000000008ad00000, 0x000000008ae00000, 0x000000008ae00000|100%| E|CS|TAMS 0x000000008ad00000, 0x000000008ad00000| Complete 
| 174|0x000000008ae00000, 0x000000008af00000, 0x000000008af00000|100%| E|CS|TAMS 0x000000008ae00000, 0x000000008ae00000| Complete 
| 175|0x000000008af00000, 0x000000008b000000, 0x000000008b000000|100%| E|CS|TAMS 0x000000008af00000, 0x000000008af00000| Complete 
| 176|0x000000008b000000, 0x000000008b100000, 0x000000008b100000|100%| E|CS|TAMS 0x000000008b000000, 0x000000008b000000| Complete 
| 177|0x000000008b100000, 0x000000008b200000, 0x000000008b200000|100%| E|CS|TAMS 0x000000008b100000, 0x000000008b100000| Complete 
| 178|0x000000008b200000, 0x000000008b300000, 0x000000008b300000|100%| E|CS|TAMS 0x000000008b200000, 0x000000008b200000| Complete 
| 179|0x000000008b300000, 0x000000008b400000, 0x000000008b400000|100%| E|CS|TAMS 0x000000008b300000, 0x000000008b300000| Complete 
| 180|0x000000008b400000, 0x000000008b500000, 0x000000008b500000|100%| E|CS|TAMS 0x000000008b400000, 0x000000008b400000| Complete 
| 181|0x000000008b500000, 0x000000008b600000, 0x000000008b600000|100%| E|CS|TAMS 0x000000008b500000, 0x000000008b500000| Complete 
| 182|0x000000008b600000, 0x000000008b700000, 0x000000008b700000|100%| E|CS|TAMS 0x000000008b600000, 0x000000008b600000| Complete 
| 183|0x000000008b700000, 0x000000008b800000, 0x000000008b800000|100%| E|CS|TAMS 0x000000008b700000, 0x000000008b700000| Complete 
| 184|0x000000008b800000, 0x000000008b900000, 0x000000008b900000|100%| E|CS|TAMS 0x000000008b800000, 0x000000008b800000| Complete 
| 185|0x000000008b900000, 0x000000008ba00000, 0x000000008ba00000|100%| E|CS|TAMS 0x000000008b900000, 0x000000008b900000| Complete 
| 186|0x000000008ba00000, 0x000000008bb00000, 0x000000008bb00000|100%| E|CS|TAMS 0x000000008ba00000, 0x000000008ba00000| Complete 
| 187|0x000000008bb00000, 0x000000008bc00000, 0x000000008bc00000|100%| E|CS|TAMS 0x000000008bb00000, 0x000000008bb00000| Complete 
| 188|0x000000008bc00000, 0x000000008bd00000, 0x000000008bd00000|100%| E|CS|TAMS 0x000000008bc00000, 0x000000008bc00000| Complete 
| 189|0x000000008bd00000, 0x000000008be00000, 0x000000008be00000|100%| E|CS|TAMS 0x000000008bd00000, 0x000000008bd00000| Complete 
| 190|0x000000008be00000, 0x000000008bf00000, 0x000000008bf00000|100%| E|CS|TAMS 0x000000008be00000, 0x000000008be00000| Complete 
| 191|0x000000008bf00000, 0x000000008c000000, 0x000000008c000000|100%| E|CS|TAMS 0x000000008bf00000, 0x000000008bf00000| Complete 
|2046|0x00000000ffe00000, 0x00000000ffe75000, 0x00000000fff00000| 45%|OA|  |TAMS 0x00000000ffe75000, 0x00000000ffe00000| Untracked 
|2047|0x00000000fff00000, 0x00000000fff78000, 0x0000000100000000| 46%|CA|  |TAMS 0x00000000fff78000, 0x00000000fff00000| Untracked 

Card table byte_map: [0x00007f0276bb3000,0x00007f0276fb3000] _byte_map_base: 0x00007f02767b3000

Marking Bits (Prev, Next): (CMBitMap*) 0x00007f0270076360, (CMBitMap*) 0x00007f0270076320
 Prev Bits: [0x00007f0257511000, 0x00007f0259511000)
 Next Bits: [0x00007f02747b3000, 0x00007f02767b3000)

Polling page: 0x00007f0279176000

Metaspace:

Usage:
  Non-class:     61.16 MB used.
      Class:      9.85 MB used.
       Both:     71.01 MB used.

Virtual space:
  Non-class space:       64.00 MB reserved,      61.56 MB ( 96%) committed,  1 nodes.
      Class space:        1.00 GB reserved,      10.19 MB ( <1%) committed,  1 nodes.
             Both:        1.06 GB reserved,      71.75 MB (  7%) committed. 

Chunk freelists:
   Non-Class:  2.47 MB
       Class:  5.73 MB
        Both:  8.20 MB

MaxMetaspaceSize: unlimited
CompressedClassSpaceSize: 1.00 GB
Initial GC threshold: 21.00 MB
Current GC threshold: 92.19 MB
CDS: on
MetaspaceReclaimPolicy: balanced
 - commit_granule_bytes: 65536.
 - commit_granule_words: 8192.
 - virtual_space_node_default_size: 8388608.
 - enlarge_chunks_in_place: 1.
 - new_chunks_are_fully_committed: 0.
 - uncommit_free_chunks: 1.
 - use_allocation_guard: 0.
 - handle_deallocations: 1.


Internal statistics:

num_allocs_failed_limit: 6.
num_arena_births: 874.
num_arena_deaths: 0.
num_vsnodes_births: 2.
num_vsnodes_deaths: 0.
num_space_committed: 1148.
num_space_uncommitted: 0.
num_chunks_returned_to_freelist: 6.
num_chunks_taken_from_freelist: 3851.
num_chunk_merges: 6.
num_chunk_splits: 2549.
num_chunks_enlarged: 1722.
num_inconsistent_stats: 0.

CodeHeap 'non-profiled nmethods': size=120036Kb used=4370Kb max_used=4370Kb free=115665Kb
 bounds [0x00007f0260fd8000, 0x00007f0261428000, 0x00007f0268511000]
CodeHeap 'profiled nmethods': size=120032Kb used=15662Kb max_used=15662Kb free=104369Kb
 bounds [0x00007f0259511000, 0x00007f025a461000, 0x00007f0260a49000]
CodeHeap 'non-nmethods': size=5692Kb used=1744Kb max_used=1744Kb free=3947Kb
 bounds [0x00007f0260a49000, 0x00007f0260cb9000, 0x00007f0260fd8000]
 total_blobs=9393 nmethods=8645 adapters=659
 compilation: enabled
              stopped_count=0, restarted_count=0
 full_count=0

Compilation events (20 events):
Event: 50.360 Thread 0x00007f02700e4cf0 9850       3       org.gradle.internal.instantiation.generator.AbstractClassGenerator$PropertyMetadata::addGetter (129 bytes)
Event: 50.363 Thread 0x00007f02700e4cf0 nmethod 9850 0x00007f025a451410 code [0x00007f025a4516e0, 0x00007f025a452820]
Event: 50.363 Thread 0x00007f02700e4cf0 9851       3       org.gradle.internal.instantiation.generator.AbstractClassGenerator$ClassMetadata::resolveTypeVariables (19 bytes)
Event: 50.363 Thread 0x00007f02700e4cf0 nmethod 9851 0x00007f025a452c10 code [0x00007f025a452de0, 0x00007f025a453100]
Event: 50.363 Thread 0x00007f02700e4cf0 9852       3       org.gradle.internal.reflect.JavaPropertyReflectionUtil::resolveMethodReturnType (44 bytes)
Event: 50.365 Thread 0x00007f02700e4cf0 nmethod 9852 0x00007f025a453210 code [0x00007f025a453740, 0x00007f025a456550]
Event: 50.365 Thread 0x00007f02700e4cf0 9848       3       sun.reflect.generics.tree.SimpleClassTypeSignature::accept (8 bytes)
Event: 50.366 Thread 0x00007f02700e4cf0 nmethod 9848 0x00007f025a457490 code [0x00007f025a457660, 0x00007f025a457940]
Event: 50.366 Thread 0x00007f02700e4cf0 9849       3       sun.reflect.generics.visitor.Reifier::visitSimpleClassTypeSignature (18 bytes)
Event: 50.366 Thread 0x00007f02700e4cf0 nmethod 9849 0x00007f025a457b10 code [0x00007f025a457cc0, 0x00007f025a457ee0]
Event: 50.367 Thread 0x00007f02700e4cf0 9856       3       org.gradle.internal.instantiation.generator.AbstractClassGenerator::isRoleType (49 bytes)
Event: 50.384 Thread 0x00007f02700e4cf0 nmethod 9856 0x00007f025a458010 code [0x00007f025a458360, 0x00007f025a459ab0]
Event: 50.387 Thread 0x00007f02700e4cf0 9854       3       org.gradle.internal.instantiation.generator.AsmBackedClassGenerator$ClassBuilderImpl::visitArrayElements (227 bytes)
Event: 50.556 Thread 0x00007f02700e4cf0 nmethod 9854 0x00007f025a45a210 code [0x00007f025a45a540, 0x00007f025a45b5e0]
Event: 50.863 Thread 0x00007f02700e37c0 nmethod 9847 0x00007f0261419c10 code [0x00007f0261419f00, 0x00007f026141b778]
Event: 50.867 Thread 0x00007f02700e37c0 9853 %     4       org.gradle.internal.instantiation.generator.AbstractClassGenerator::inspectType @ 77 (560 bytes)
Event: 51.479 Thread 0x00007f02700e4cf0 9857       3       kotlin.LazyKt__LazyJVMKt::lazy (21 bytes)
Event: 51.551 Thread 0x00007f02700e4cf0 nmethod 9857 0x00007f025a45bd10 code [0x00007f025a45bf40, 0x00007f025a45c5e0]
Event: 54.575 Thread 0x00007f02700e4cf0 9859       1       com.android.build.gradle.internal.services.ProjectServices::getObjectFactory (5 bytes)
Event: 54.655 Thread 0x00007f02700e4cf0 nmethod 9859 0x00007f026141c610 code [0x00007f026141c7a0, 0x00007f026141c870]

GC Heap History (20 events):
Event: 17.402 GC heap before
{Heap before GC invocations=26 (full 0):
 garbage-first heap   total 95232K, used 70788K [0x0000000080000000, 0x0000000100000000)
  region size 1024K, 31 young (31744K), 3 survivors (3072K)
 Metaspace       used 50806K, committed 51328K, reserved 1114112K
  class space    used 7141K, committed 7424K, reserved 1048576K
}
Event: 17.408 GC heap after
{Heap after GC invocations=27 (full 0):
 garbage-first heap   total 95232K, used 45405K [0x0000000080000000, 0x0000000100000000)
  region size 1024K, 4 young (4096K), 4 survivors (4096K)
 Metaspace       used 50806K, committed 51328K, reserved 1114112K
  class space    used 7141K, committed 7424K, reserved 1048576K
}
Event: 17.756 GC heap before
{Heap before GC invocations=28 (full 0):
 garbage-first heap   total 95232K, used 55645K [0x0000000080000000, 0x0000000100000000)
  region size 1024K, 10 young (10240K), 4 survivors (4096K)
 Metaspace       used 51159K, committed 51776K, reserved 1114112K
  class space    used 7213K, committed 7488K, reserved 1048576K
}
Event: 17.764 GC heap after
{Heap after GC invocations=29 (full 0):
 garbage-first heap   total 95232K, used 52301K [0x0000000080000000, 0x0000000100000000)
  region size 1024K, 5 young (5120K), 5 survivors (5120K)
 Metaspace       used 51159K, committed 51776K, reserved 1114112K
  class space    used 7213K, committed 7488K, reserved 1048576K
}
Event: 18.106 GC heap before
{Heap before GC invocations=30 (full 0):
 garbage-first heap   total 104448K, used 63565K [0x0000000080000000, 0x0000000100000000)
  region size 1024K, 12 young (12288K), 5 survivors (5120K)
 Metaspace       used 51211K, committed 51776K, reserved 1114112K
  class space    used 7217K, committed 7488K, reserved 1048576K
}
Event: 18.148 GC heap after
{Heap after GC invocations=31 (full 0):
 garbage-first heap   total 104448K, used 61003K [0x0000000080000000, 0x0000000100000000)
  region size 1024K, 3 young (3072K), 3 survivors (3072K)
 Metaspace       used 51211K, committed 51776K, reserved 1114112K
  class space    used 7217K, committed 7488K, reserved 1048576K
}
Event: 18.580 GC heap before
{Heap before GC invocations=32 (full 0):
 garbage-first heap   total 111616K, used 74315K [0x0000000080000000, 0x0000000100000000)
  region size 1024K, 17 young (17408K), 3 survivors (3072K)
 Metaspace       used 52176K, committed 52736K, reserved 1114112K
  class space    used 7334K, committed 7616K, reserved 1048576K
}
Event: 18.583 GC heap after
{Heap after GC invocations=33 (full 0):
 garbage-first heap   total 111616K, used 63507K [0x0000000080000000, 0x0000000100000000)
  region size 1024K, 2 young (2048K), 2 survivors (2048K)
 Metaspace       used 52176K, committed 52736K, reserved 1114112K
  class space    used 7334K, committed 7616K, reserved 1048576K
}
Event: 19.164 GC heap before
{Heap before GC invocations=34 (full 0):
 garbage-first heap   total 117760K, used 81939K [0x0000000080000000, 0x0000000100000000)
  region size 1024K, 20 young (20480K), 2 survivors (2048K)
 Metaspace       used 53622K, committed 54208K, reserved 1114112K
  class space    used 7532K, committed 7808K, reserved 1048576K
}
Event: 19.167 GC heap after
{Heap after GC invocations=35 (full 0):
 garbage-first heap   total 117760K, used 65006K [0x0000000080000000, 0x0000000100000000)
  region size 1024K, 2 young (2048K), 2 survivors (2048K)
 Metaspace       used 53622K, committed 54208K, reserved 1114112K
  class space    used 7532K, committed 7808K, reserved 1048576K
}
Event: 19.753 GC heap before
{Heap before GC invocations=35 (full 0):
 garbage-first heap   total 117760K, used 85486K [0x0000000080000000, 0x0000000100000000)
  region size 1024K, 23 young (23552K), 2 survivors (2048K)
 Metaspace       used 55822K, committed 56384K, reserved 1114112K
  class space    used 7744K, committed 8000K, reserved 1048576K
}
Event: 19.757 GC heap after
{Heap after GC invocations=36 (full 0):
 garbage-first heap   total 117760K, used 65630K [0x0000000080000000, 0x0000000100000000)
  region size 1024K, 2 young (2048K), 2 survivors (2048K)
 Metaspace       used 55822K, committed 56384K, reserved 1114112K
  class space    used 7744K, committed 8000K, reserved 1048576K
}
Event: 20.500 GC heap before
{Heap before GC invocations=37 (full 0):
 garbage-first heap   total 119808K, used 88158K [0x0000000080000000, 0x0000000100000000)
  region size 1024K, 24 young (24576K), 2 survivors (2048K)
 Metaspace       used 57800K, committed 58496K, reserved 1114112K
  class space    used 8070K, committed 8384K, reserved 1048576K
}
Event: 20.551 GC heap after
{Heap after GC invocations=38 (full 0):
 garbage-first heap   total 198656K, used 66384K [0x0000000080000000, 0x0000000100000000)
  region size 1024K, 2 young (2048K), 2 survivors (2048K)
 Metaspace       used 57800K, committed 58496K, reserved 1114112K
  class space    used 8070K, committed 8384K, reserved 1048576K
}
Event: 20.680 GC heap before
{Heap before GC invocations=38 (full 0):
 garbage-first heap   total 198656K, used 72528K [0x0000000080000000, 0x0000000100000000)
  region size 1024K, 9 young (9216K), 2 survivors (2048K)
 Metaspace       used 58709K, committed 59392K, reserved 1114112K
  class space    used 8183K, committed 8512K, reserved 1048576K
}
Event: 20.692 GC heap after
{Heap after GC invocations=39 (full 0):
 garbage-first heap   total 198656K, used 66859K [0x0000000080000000, 0x0000000100000000)
  region size 1024K, 2 young (2048K), 2 survivors (2048K)
 Metaspace       used 58709K, committed 59392K, reserved 1114112K
  class space    used 8183K, committed 8512K, reserved 1048576K
}
Event: 22.687 GC heap before
{Heap before GC invocations=39 (full 0):
 garbage-first heap   total 198656K, used 143659K [0x0000000080000000, 0x0000000100000000)
  region size 1024K, 71 young (72704K), 2 survivors (2048K)
 Metaspace       used 63567K, committed 64192K, reserved 1114112K
  class space    used 8807K, committed 9088K, reserved 1048576K
}
Event: 22.711 GC heap after
{Heap after GC invocations=40 (full 0):
 garbage-first heap   total 198656K, used 72988K [0x0000000080000000, 0x0000000100000000)
  region size 1024K, 7 young (7168K), 7 survivors (7168K)
 Metaspace       used 63567K, committed 64192K, reserved 1114112K
  class space    used 8807K, committed 9088K, reserved 1048576K
}
Event: 29.974 GC heap before
{Heap before GC invocations=40 (full 0):
 garbage-first heap   total 198656K, used 145692K [0x0000000080000000, 0x0000000100000000)
  region size 1024K, 75 young (76800K), 7 survivors (7168K)
 Metaspace       used 69627K, committed 70336K, reserved 1114112K
  class space    used 9646K, committed 9984K, reserved 1048576K
}
Event: 30.056 GC heap after
{Heap after GC invocations=41 (full 0):
 garbage-first heap   total 198656K, used 79034K [0x0000000080000000, 0x0000000100000000)
  region size 1024K, 3 young (3072K), 3 survivors (3072K)
 Metaspace       used 69627K, committed 70336K, reserved 1114112K
  class space    used 9646K, committed 9984K, reserved 1048576K
}

Dll operation events (14 events):
Event: 0.004 Loaded shared library /usr/lib/jvm/java-17-openjdk-amd64/lib/libjava.so
Event: 0.071 Loaded shared library /usr/lib/jvm/java-17-openjdk-amd64/lib/libjsvml.so
Event: 0.150 Loaded shared library /usr/lib/jvm/java-17-openjdk-amd64/lib/libzip.so
Event: 0.153 Loaded shared library /usr/lib/jvm/java-17-openjdk-amd64/lib/libinstrument.so
Event: 0.155 Loaded shared library /usr/lib/jvm/java-17-openjdk-amd64/lib/libnio.so
Event: 0.157 Loaded shared library /usr/lib/jvm/java-17-openjdk-amd64/lib/libzip.so
Event: 0.370 Loaded shared library /usr/lib/jvm/java-17-openjdk-amd64/lib/libjimage.so
Event: 0.565 Loaded shared library /usr/lib/jvm/java-17-openjdk-amd64/lib/libverify.so
Event: 0.770 Loaded shared library /usr/lib/jvm/java-17-openjdk-amd64/lib/libnet.so
Event: 0.771 Loaded shared library /root/.gradle/native/c067742578af261105cb4f569cf0c3c89f3d7b1fecec35dd04571415982c5e48/linux-amd64/libnative-platform.so
Event: 0.777 Loaded shared library /root/.gradle/native/100fb08df4bc3b14c8652ba06237920a3bd2aa13389f12d3474272988ae205f9/linux-amd64/libnative-platform-file-events.so
Event: 2.275 Loaded shared library /usr/lib/jvm/java-17-openjdk-amd64/lib/libmanagement.so
Event: 2.276 Loaded shared library /usr/lib/jvm/java-17-openjdk-amd64/lib/libmanagement_ext.so
Event: 2.494 Loaded shared library /usr/lib/jvm/java-17-openjdk-amd64/lib/libextnet.so

Deoptimization events (20 events):
Event: 35.587 Thread 0x00007f01ec00ebc0 Uncommon trap: trap_request=0xffffff45 fr.pc=0x00007f02613bb8fc relative=0x000000000000023c
Event: 35.587 Thread 0x00007f01ec00ebc0 Uncommon trap: reason=unstable_if action=reinterpret pc=0x00007f02613bb8fc method=com.google.common.collect.MapMakerInternalMap$Segment.getEntry(Ljava/lang/Object;I)Lcom/google/common/collect/MapMakerInternalMap$InternalEntry; @ 40 c2
Event: 35.587 Thread 0x00007f01ec00ebc0 DEOPT PACKING pc=0x00007f02613bb8fc sp=0x00007f01fa7f2ac0
Event: 35.588 Thread 0x00007f01ec00ebc0 DEOPT UNPACKING pc=0x00007f0260aa2b19 sp=0x00007f01fa7f2a88 mode 2
Event: 36.349 Thread 0x00007f02401da300 Uncommon trap: trap_request=0xffffffde fr.pc=0x00007f02610c5e98 relative=0x0000000000001fb8
Event: 36.349 Thread 0x00007f02401da300 Uncommon trap: reason=class_check action=maybe_recompile pc=0x00007f02610c5e98 method=org.gradle.cache.internal.btree.FileBackedBlockStore$BlockImpl.getSize()I @ 12 c2
Event: 36.350 Thread 0x00007f02401da300 DEOPT PACKING pc=0x00007f02610c5e98 sp=0x00007f01fa1f3dc0
Event: 36.350 Thread 0x00007f02401da300 DEOPT UNPACKING pc=0x00007f0260aa2b19 sp=0x00007f01fa1f3c70 mode 2
Event: 38.181 Thread 0x00007f02401da300 Uncommon trap: trap_request=0xffffffde fr.pc=0x00007f02610c5e98 relative=0x0000000000001fb8
Event: 38.253 Thread 0x00007f02401da300 Uncommon trap: reason=class_check action=maybe_recompile pc=0x00007f02610c5e98 method=org.gradle.cache.internal.btree.FileBackedBlockStore$BlockImpl.getSize()I @ 12 c2
Event: 38.253 Thread 0x00007f02401da300 DEOPT PACKING pc=0x00007f02610c5e98 sp=0x00007f01fa1f3dc0
Event: 38.255 Thread 0x00007f02401da300 DEOPT UNPACKING pc=0x00007f0260aa2b19 sp=0x00007f01fa1f3c70 mode 2
Event: 38.375 Thread 0x00007f02401da300 Uncommon trap: trap_request=0xffffffde fr.pc=0x00007f02610c5e98 relative=0x0000000000001fb8
Event: 38.375 Thread 0x00007f02401da300 Uncommon trap: reason=class_check action=maybe_recompile pc=0x00007f02610c5e98 method=org.gradle.cache.internal.btree.FileBackedBlockStore$BlockImpl.getSize()I @ 12 c2
Event: 38.375 Thread 0x00007f02401da300 DEOPT PACKING pc=0x00007f02610c5e98 sp=0x00007f01fa1f3dc0
Event: 38.376 Thread 0x00007f02401da300 DEOPT UNPACKING pc=0x00007f0260aa2b19 sp=0x00007f01fa1f3c70 mode 2
Event: 38.379 Thread 0x00007f02401da300 Uncommon trap: trap_request=0xffffffde fr.pc=0x00007f02610c5e98 relative=0x0000000000001fb8
Event: 38.382 Thread 0x00007f02401da300 Uncommon trap: reason=class_check action=maybe_recompile pc=0x00007f02610c5e98 method=org.gradle.cache.internal.btree.FileBackedBlockStore$BlockImpl.getSize()I @ 12 c2
Event: 38.385 Thread 0x00007f02401da300 DEOPT PACKING pc=0x00007f02610c5e98 sp=0x00007f01fa1f3dc0
Event: 38.385 Thread 0x00007f02401da300 DEOPT UNPACKING pc=0x00007f0260aa2b19 sp=0x00007f01fa1f3c70 mode 2

Classes loaded (20 events):
Event: 25.680 Loading class javax/management/ListenerNotFoundException
Event: 25.680 Loading class javax/management/OperationsException
Event: 25.680 Loading class javax/management/JMException
Event: 25.680 Loading class javax/management/JMException done
Event: 25.680 Loading class javax/management/OperationsException done
Event: 25.680 Loading class javax/management/ListenerNotFoundException done
Event: 25.765 Loading class com/sun/jmx/mbeanserver/StandardMBeanSupport
Event: 25.766 Loading class com/sun/jmx/mbeanserver/StandardMBeanSupport done
Event: 25.766 Loading class com/sun/jmx/mbeanserver/StandardMBeanIntrospector
Event: 25.766 Loading class com/sun/jmx/mbeanserver/StandardMBeanIntrospector done
Event: 30.479 Loading class com/sun/beans/finder/MethodFinder
Event: 30.491 Loading class com/sun/beans/finder/AbstractFinder
Event: 30.548 Loading class com/sun/beans/finder/AbstractFinder done
Event: 30.549 Loading class com/sun/beans/finder/MethodFinder done
Event: 30.551 Loading class com/sun/beans/finder/MethodFinder$1
Event: 30.557 Loading class com/sun/beans/finder/MethodFinder$1 done
Event: 30.573 Loading class com/sun/beans/finder/FinderUtils
Event: 30.581 Loading class com/sun/beans/finder/FinderUtils done
Event: 34.151 Loading class java/util/regex/Pattern$Pos
Event: 34.160 Loading class java/util/regex/Pattern$Pos done

Classes unloaded (0 events):
No events

Classes redefined (0 events):
No events

Internal exceptions (20 events):
Event: 25.167 Thread 0x00007f01ec00ebc0 Exception <a 'java/lang/IncompatibleClassChangeError'{0x000000008b076e38}: Found class java.lang.Object, but interface was expected> (0x000000008b076e38) 
thrown [./src/hotspot/share/interpreter/linkResolver.cpp, line 826]
Event: 25.557 Thread 0x00007f01ec00ebc0 Exception <a 'java/lang/NoSuchMethodError'{0x000000008af94360}: 'long java.lang.invoke.DirectMethodHandle$Holder.invokeStatic(java.lang.Object, java.lang.Object)'> (0x000000008af94360) 
thrown [./src/hotspot/share/interpreter/linkResolver.cpp, line 758]
Event: 30.466 Thread 0x00007f01ec00ebc0 Exception <a 'java/lang/ClassNotFoundException'{0x000000008befa418}: groovy/lang/Closure$1BeanInfo> (0x000000008befa418) 
thrown [./src/hotspot/share/classfile/systemDictionary.cpp, line 257]
Event: 30.466 Thread 0x00007f01ec00ebc0 Exception <a 'java/lang/ClassNotFoundException'{0x000000008bd48dd0}: groovy/lang/ClosureBeanInfo> (0x000000008bd48dd0) 
thrown [./src/hotspot/share/classfile/systemDictionary.cpp, line 257]
Event: 30.467 Thread 0x00007f01ec00ebc0 Exception <a 'java/lang/ClassNotFoundException'{0x000000008bd6b450}: groovy/lang/ClosureCustomizer> (0x000000008bd6b450) 
thrown [./src/hotspot/share/classfile/systemDictionary.cpp, line 257]
Event: 30.479 Thread 0x00007f01ec00ebc0 Exception <a 'java/lang/ClassNotFoundException'{0x000000008bdb4018}: groovy/lang/Closure$1Customizer> (0x000000008bdb4018) 
thrown [./src/hotspot/share/classfile/systemDictionary.cpp, line 257]
Event: 30.793 Thread 0x00007f01ec00ebc0 Exception <a 'java/lang/ClassNotFoundException'{0x000000008bc27ed0}: org/jetbrains/kotlin/gradle/targets/js/npm/DefaultNpmDependencyExtensionBeanInfo> (0x000000008bc27ed0) 
thrown [./src/hotspot/share/classfile/systemDictionary.cpp, line 257]
Event: 30.793 Thread 0x00007f01ec00ebc0 Exception <a 'java/lang/ClassNotFoundException'{0x000000008bc35ab8}: org/jetbrains/kotlin/gradle/targets/js/npm/DefaultNpmDependencyExtensionCustomizer> (0x000000008bc35ab8) 
thrown [./src/hotspot/share/classfile/systemDictionary.cpp, line 257]
Event: 31.056 Thread 0x00007f01ec00ebc0 Exception <a 'java/lang/ClassNotFoundException'{0x000000008bcd1f88}: org/jetbrains/kotlin/gradle/targets/js/npm/NpmDependencyExtensionKt$defaultNpmDependencyDelegate$1BeanInfo> (0x000000008bcd1f88) 
thrown [./src/hotspot/share/classfile/systemDictionary.cpp, line 257]
Event: 31.056 Thread 0x00007f01ec00ebc0 Exception <a 'java/lang/ClassNotFoundException'{0x000000008bce10f0}: org/jetbrains/kotlin/gradle/targets/js/npm/NpmDependencyExtensionDelegateBeanInfo> (0x000000008bce10f0) 
thrown [./src/hotspot/share/classfile/systemDictionary.cpp, line 257]
Event: 31.056 Thread 0x00007f01ec00ebc0 Exception <a 'java/lang/ClassNotFoundException'{0x000000008bcf04e0}: org/jetbrains/kotlin/gradle/targets/js/npm/NpmDependencyExtensionDelegateCustomizer> (0x000000008bcf04e0) 
thrown [./src/hotspot/share/classfile/systemDictionary.cpp, line 257]
Event: 31.149 Thread 0x00007f01ec00ebc0 Exception <a 'java/lang/ClassNotFoundException'{0x000000008bb208b0}: org/jetbrains/kotlin/gradle/targets/js/npm/NpmDependencyExtensionKt$defaultNpmDependencyDelegate$1Customizer> (0x000000008bb208b0) 
thrown [./src/hotspot/share/classfile/systemDictionary.cpp, line 257]
Event: 31.276 Thread 0x00007f01ec00ebc0 Exception <a 'java/lang/ClassNotFoundException'{0x000000008bb66820}: org/jetbrains/kotlin/gradle/targets/js/npm/DefaultDevNpmDependencyExtensionBeanInfo> (0x000000008bb66820) 
thrown [./src/hotspot/share/classfile/systemDictionary.cpp, line 257]
Event: 31.350 Thread 0x00007f01ec00ebc0 Exception <a 'java/lang/ClassNotFoundException'{0x000000008bb74430}: org/jetbrains/kotlin/gradle/targets/js/npm/DefaultDevNpmDependencyExtensionCustomizer> (0x000000008bb74430) 
thrown [./src/hotspot/share/classfile/systemDictionary.cpp, line 257]
Event: 31.372 Thread 0x00007f01ec00ebc0 Exception <a 'java/lang/ClassNotFoundException'{0x000000008bbc3488}: org/jetbrains/kotlin/gradle/targets/js/npm/DefaultPeerNpmDependencyExtensionBeanInfo> (0x000000008bbc3488) 
thrown [./src/hotspot/share/classfile/systemDictionary.cpp, line 257]
Event: 31.373 Thread 0x00007f01ec00ebc0 Exception <a 'java/lang/ClassNotFoundException'{0x000000008bbd10c0}: org/jetbrains/kotlin/gradle/targets/js/npm/DefaultPeerNpmDependencyExtensionCustomizer> (0x000000008bbd10c0) 
thrown [./src/hotspot/share/classfile/systemDictionary.cpp, line 257]
Event: 31.475 Thread 0x00007f01ec00ebc0 Exception <a 'java/lang/ClassNotFoundException'{0x000000008ba30fc0}: org/jetbrains/kotlin/gradle/targets/js/npm/DefaultPeerNpmDependencyExtension$delegate$1BeanInfo> (0x000000008ba30fc0) 
thrown [./src/hotspot/share/classfile/systemDictionary.cpp, line 257]
Event: 31.476 Thread 0x00007f01ec00ebc0 Exception <a 'java/lang/ClassNotFoundException'{0x000000008ba3f130}: org/jetbrains/kotlin/gradle/targets/js/npm/DefaultPeerNpmDependencyExtension$delegate$1Customizer> (0x000000008ba3f130) 
thrown [./src/hotspot/share/classfile/systemDictionary.cpp, line 257]
Event: 31.691 Thread 0x00007f01ec00ebc0 Exception <a 'java/lang/NoSuchMethodError'{0x000000008baef788}: static Lorg/jetbrains/kotlin/gradle/plugin/internal/DefaultIdeaSyncDetector$createIdeaPropertiesEvaluator$1;.<clinit>()V> (0x000000008baef788) 
thrown [./src/hotspot/share/prims/jni.cpp, line 1112]
Event: 43.394 Thread 0x00007f01ec00ebc0 Exception <a 'java/lang/NoSuchMethodError'{0x0000000089a55038}: 'int java.lang.invoke.DirectMethodHandle$Holder.invokeSpecialIFC(java.lang.Object, java.lang.Object, java.lang.Object, java.lang.Object, java.lang.Object)'> (0x0000000089a55038) 
thrown [./src/hotspot/share/interpreter/linkResolver.cpp, line 758]

VM Operations (20 events):
Event: 42.259 Executing VM operation: Cleanup
Event: 42.266 Executing VM operation: Cleanup done
Event: 43.267 Executing VM operation: Cleanup
Event: 43.277 Executing VM operation: Cleanup done
Event: 44.279 Executing VM operation: Cleanup
Event: 44.357 Executing VM operation: Cleanup done
Event: 45.362 Executing VM operation: Cleanup
Event: 45.367 Executing VM operation: Cleanup done
Event: 46.370 Executing VM operation: Cleanup
Event: 46.371 Executing VM operation: Cleanup done
Event: 47.372 Executing VM operation: Cleanup
Event: 47.384 Executing VM operation: Cleanup done
Event: 48.391 Executing VM operation: Cleanup
Event: 48.462 Executing VM operation: Cleanup done
Event: 49.465 Executing VM operation: Cleanup
Event: 49.474 Executing VM operation: Cleanup done
Event: 50.475 Executing VM operation: Cleanup
Event: 50.555 Executing VM operation: Cleanup done
Event: 53.556 Executing VM operation: Cleanup
Event: 53.557 Executing VM operation: Cleanup done

Memory protections (20 events):
Event: 2.784 Protecting memory [0x00007f01fa8fe000,0x00007f01fa902000] with protection modes 0
Event: 2.881 Protecting memory [0x00007f01fa7fd000,0x00007f01fa801000] with protection modes 0
Event: 2.891 Protecting memory [0x00007f01fa6fc000,0x00007f01fa700000] with protection modes 0
Event: 2.907 Protecting memory [0x00007f01fa5fb000,0x00007f01fa5ff000] with protection modes 0
Event: 2.967 Protecting memory [0x00007f01fa4fa000,0x00007f01fa4fe000] with protection modes 0
Event: 2.977 Protecting memory [0x00007f01fa3f9000,0x00007f01fa3fd000] with protection modes 0
Event: 3.601 Protecting memory [0x00007f01fa2f8000,0x00007f01fa2fc000] with protection modes 0
Event: 3.608 Protecting memory [0x00007f01fa1f7000,0x00007f01fa1fb000] with protection modes 0
Event: 3.666 Protecting memory [0x00007f01fa0f6000,0x00007f01fa0fa000] with protection modes 0
Event: 4.887 Protecting memory [0x00007f01f9ff5000,0x00007f01f9ff9000] with protection modes 0
Event: 4.894 Protecting memory [0x00007f01f9ef4000,0x00007f01f9ef8000] with protection modes 0
Event: 5.756 Protecting memory [0x00007f01f9df3000,0x00007f01f9df7000] with protection modes 0
Event: 5.778 Protecting memory [0x00007f01f9cf2000,0x00007f01f9cf6000] with protection modes 0
Event: 6.003 Protecting memory [0x00007f01f9bf1000,0x00007f01f9bf5000] with protection modes 0
Event: 6.178 Protecting memory [0x00007f01f9af0000,0x00007f01f9af4000] with protection modes 0
Event: 12.197 Protecting memory [0x00007f01f99ef000,0x00007f01f99f3000] with protection modes 0
Event: 12.462 Protecting memory [0x00007f01f98ee000,0x00007f01f98f2000] with protection modes 0
Event: 13.374 Protecting memory [0x00007f01f97ed000,0x00007f01f97f1000] with protection modes 0
Event: 20.458 Protecting memory [0x00007f01f96ec000,0x00007f01f96f0000] with protection modes 0
Event: 25.900 Protecting memory [0x00007f01f95eb000,0x00007f01f95ef000] with protection modes 0

Nmethod flushes (20 events):
Event: 12.975 Thread 0x00007f02700e6160 flushing  nmethod 0x00007f0259e67210
Event: 12.975 Thread 0x00007f02700e6160 flushing  nmethod 0x00007f0259e69390
Event: 12.975 Thread 0x00007f02700e6160 flushing  nmethod 0x00007f0259e69890
Event: 12.975 Thread 0x00007f02700e6160 flushing  nmethod 0x00007f0259e6a310
Event: 12.975 Thread 0x00007f02700e6160 flushing  nmethod 0x00007f0259e6ac10
Event: 12.975 Thread 0x00007f02700e6160 flushing  nmethod 0x00007f0259e7b310
Event: 12.975 Thread 0x00007f02700e6160 flushing  nmethod 0x00007f0259e8c990
Event: 12.976 Thread 0x00007f02700e6160 flushing  nmethod 0x00007f0259edcc90
Event: 12.976 Thread 0x00007f02700e6160 flushing  nmethod 0x00007f0259ef2f10
Event: 12.976 Thread 0x00007f02700e6160 flushing  nmethod 0x00007f0259efeb90
Event: 12.976 Thread 0x00007f02700e6160 flushing  nmethod 0x00007f0259eff510
Event: 12.976 Thread 0x00007f02700e6160 flushing  nmethod 0x00007f0259f6ec10
Event: 12.977 Thread 0x00007f02700e6160 flushing  nmethod 0x00007f0259ff8010
Event: 20.898 Thread 0x00007f02700e6160 flushing  nmethod 0x00007f0259c36d10
Event: 20.898 Thread 0x00007f02700e6160 flushing  nmethod 0x00007f0259c59310
Event: 20.898 Thread 0x00007f02700e6160 flushing  nmethod 0x00007f0259cfea10
Event: 20.898 Thread 0x00007f02700e6160 flushing  nmethod 0x00007f0259d0c310
Event: 20.898 Thread 0x00007f02700e6160 flushing  nmethod 0x00007f0259d0ec10
Event: 20.899 Thread 0x00007f02700e6160 flushing  nmethod 0x00007f0259d7db10
Event: 20.951 Thread 0x00007f02700e6160 flushing  nmethod 0x00007f0259fa7310

Events (20 events):
Event: 2.784 Thread 0x00007f01e4018f70 Thread added: 0x00007f01ec0064e0
Event: 2.880 Thread 0x00007f01e4018f70 Thread added: 0x00007f01ec008f90
Event: 2.891 Thread 0x00007f01e4018f70 Thread added: 0x00007f01ec00ebc0
Event: 2.905 Thread 0x00007f01ec00ebc0 Thread added: 0x00007f0240006340
Event: 2.907 Thread 0x00007f01ec00ebc0 Thread added: 0x00007f024000d580
Event: 2.968 Thread 0x00007f01ec00ebc0 Thread added: 0x00007f024000f880
Event: 3.600 Thread 0x00007f01ec00ebc0 Thread added: 0x00007f0240199270
Event: 3.608 Thread 0x00007f01ec00ebc0 Thread added: 0x00007f02401a0910
Event: 3.666 Thread 0x00007f01ec00ebc0 Thread added: 0x00007f02401da300
Event: 4.887 Thread 0x00007f01ec00ebc0 Thread added: 0x00007f0240a85a30
Event: 4.894 Thread 0x00007f01ec00ebc0 Thread added: 0x00007f0240a8a850
Event: 5.755 Thread 0x00007f01ec00ebc0 Thread added: 0x00007f02406c02c0
Event: 5.777 Thread 0x00007f01ec00ebc0 Thread added: 0x00007f02402fb8b0
Event: 6.003 Thread 0x00007f01ec00ebc0 Thread added: 0x00007f02405a8700
Event: 6.178 Thread 0x00007f01ec00ebc0 Thread added: 0x00007f0240260950
Event: 12.197 Thread 0x00007f01ec00ebc0 Thread added: 0x00007f0240811810
Event: 12.462 Thread 0x00007f01ec00ebc0 Thread added: 0x00007f02408c3de0
Event: 13.365 Thread 0x00007f01ec00ebc0 Thread added: 0x00007f02408cbc40
Event: 20.457 Thread 0x00007f01ec00ebc0 Thread added: 0x00007f02419622a0
Event: 25.900 Thread 0x00007f01ec00ebc0 Thread added: 0x00007f02415b8260


Dynamic libraries:
80000000-8c000000 rw-p 00000000 00:00 0 
8c000000-ffe00000 ---p 00000000 00:00 0 
ffe00000-ffe75000 rw-p 00c7a000 00:25 13853                              /usr/lib/jvm/java-17-openjdk-amd64/lib/server/classes.jsa
ffe75000-fff00000 rw-p 00000000 00:00 0 
fff00000-fff78000 rw-p 00c02000 00:25 13853                              /usr/lib/jvm/java-17-openjdk-amd64/lib/server/classes.jsa
fff78000-100000000 rw-p 00000000 00:00 0 
56317b975000-56317b976000 r--p 00000000 00:25 13495                      /usr/lib/jvm/java-17-openjdk-amd64/bin/java
56317b976000-56317b977000 r-xp 00001000 00:25 13495                      /usr/lib/jvm/java-17-openjdk-amd64/bin/java
56317b977000-56317b978000 r--p 00002000 00:25 13495                      /usr/lib/jvm/java-17-openjdk-amd64/bin/java
56317b978000-56317b979000 r--p 00002000 00:25 13495                      /usr/lib/jvm/java-17-openjdk-amd64/bin/java
56317b979000-56317b97a000 rw-p 00003000 00:25 13495                      /usr/lib/jvm/java-17-openjdk-amd64/bin/java
56317d940000-56317d987000 rw-p 00000000 00:00 0                          [heap]
7f01d4000000-7f01d48d5000 rw-p 00000000 00:00 0 
7f01d48d5000-7f01d8000000 ---p 00000000 00:00 0 
7f01d8000000-7f01d8021000 rw-p 00000000 00:00 0 
7f01d8021000-7f01dc000000 ---p 00000000 00:00 0 
7f01dc000000-7f01dc021000 rw-p 00000000 00:00 0 
7f01dc021000-7f01e0000000 ---p 00000000 00:00 0 
7f01e0000000-7f01e1b2e000 rw-p 00000000 00:00 0 
7f01e1b2e000-7f01e4000000 ---p 00000000 00:00 0 
7f01e4000000-7f01e4057000 rw-p 00000000 00:00 0 
7f01e4057000-7f01e8000000 ---p 00000000 00:00 0 
7f01e8000000-7f01e8021000 rw-p 00000000 00:00 0 
7f01e8021000-7f01ec000000 ---p 00000000 00:00 0 
7f01ec000000-7f01ec021000 rw-p 00000000 00:00 0 
7f01ec021000-7f01f0000000 ---p 00000000 00:00 0 
7f01f0000000-7f01f0021000 rw-p 00000000 00:00 0 
7f01f0021000-7f01f4000000 ---p 00000000 00:00 0 
7f01f4000000-7f01f40ad000 rw-p 00000000 00:00 0 
7f01f40ad000-7f01f8000000 ---p 00000000 00:00 0 
7f01f95ea000-7f01f95eb000 ---p 00000000 00:00 0 
7f01f95eb000-7f01f95ef000 ---p 00000000 00:00 0 
7f01f95ef000-7f01f96eb000 rw-p 00000000 00:00 0 
7f01f96eb000-7f01f96ec000 ---p 00000000 00:00 0 
7f01f96ec000-7f01f96f0000 ---p 00000000 00:00 0 
7f01f96f0000-7f01f97ec000 rw-p 00000000 00:00 0 
7f01f97ec000-7f01f97ed000 ---p 00000000 00:00 0 
7f01f97ed000-7f01f97f1000 ---p 00000000 00:00 0 
7f01f97f1000-7f01f98ed000 rw-p 00000000 00:00 0 
7f01f98ed000-7f01f98ee000 ---p 00000000 00:00 0 
7f01f98ee000-7f01f98f2000 ---p 00000000 00:00 0 
7f01f98f2000-7f01f99ee000 rw-p 00000000 00:00 0 
7f01f99ee000-7f01f99ef000 ---p 00000000 00:00 0 
7f01f99ef000-7f01f99f3000 ---p 00000000 00:00 0 
7f01f99f3000-7f01f9aef000 rw-p 00000000 00:00 0 
7f01f9aef000-7f01f9af0000 ---p 00000000 00:00 0 
7f01f9af0000-7f01f9af4000 ---p 00000000 00:00 0 
7f01f9af4000-7f01f9bf0000 rw-p 00000000 00:00 0 
7f01f9bf0000-7f01f9bf1000 ---p 00000000 00:00 0 
7f01f9bf1000-7f01f9bf5000 ---p 00000000 00:00 0 
7f01f9bf5000-7f01f9cf1000 rw-p 00000000 00:00 0 
7f01f9cf1000-7f01f9cf2000 ---p 00000000 00:00 0 
7f01f9cf2000-7f01f9cf6000 ---p 00000000 00:00 0 
7f01f9cf6000-7f01f9df2000 rw-p 00000000 00:00 0 
7f01f9df2000-7f01f9df3000 ---p 00000000 00:00 0 
7f01f9df3000-7f01f9df7000 ---p 00000000 00:00 0 
7f01f9df7000-7f01f9ef3000 rw-p 00000000 00:00 0 
7f01f9ef3000-7f01f9ef4000 ---p 00000000 00:00 0 
7f01f9ef4000-7f01f9ef8000 ---p 00000000 00:00 0 
7f01f9ef8000-7f01f9ff4000 rw-p 00000000 00:00 0 
7f01f9ff4000-7f01f9ff5000 ---p 00000000 00:00 0 
7f01f9ff5000-7f01f9ff9000 ---p 00000000 00:00 0 
7f01f9ff9000-7f01fa0f5000 rw-p 00000000 00:00 0 
7f01fa0f5000-7f01fa0f6000 ---p 00000000 00:00 0 
7f01fa0f6000-7f01fa0fa000 ---p 00000000 00:00 0 
7f01fa0fa000-7f01fa1f6000 rw-p 00000000 00:00 0 
7f01fa1f6000-7f01fa1f7000 ---p 00000000 00:00 0 
7f01fa1f7000-7f01fa1fb000 ---p 00000000 00:00 0 
7f01fa1fb000-7f01fa2f7000 rw-p 00000000 00:00 0 
7f01fa2f7000-7f01fa2f8000 ---p 00000000 00:00 0 
7f01fa2f8000-7f01fa2fc000 ---p 00000000 00:00 0 
7f01fa2fc000-7f01fa3f8000 rw-p 00000000 00:00 0 
7f01fa3f8000-7f01fa3f9000 ---p 00000000 00:00 0 
7f01fa3f9000-7f01fa3fd000 ---p 00000000 00:00 0 
7f01fa3fd000-7f01fa4f9000 rw-p 00000000 00:00 0 
7f01fa4f9000-7f01fa4fa000 ---p 00000000 00:00 0 
7f01fa4fa000-7f01fa4fe000 ---p 00000000 00:00 0 
7f01fa4fe000-7f01fa5fa000 rw-p 00000000 00:00 0 
7f01fa5fa000-7f01fa5fb000 ---p 00000000 00:00 0 
7f01fa5fb000-7f01fa5ff000 ---p 00000000 00:00 0 
7f01fa5ff000-7f01fa6fb000 rw-p 00000000 00:00 0 
7f01fa6fb000-7f01fa6fc000 ---p 00000000 00:00 0 
7f01fa6fc000-7f01fa700000 ---p 00000000 00:00 0 
7f01fa700000-7f01fa7fc000 rw-p 00000000 00:00 0 
7f01fa7fc000-7f01fa7fd000 ---p 00000000 00:00 0 
7f01fa7fd000-7f01fa801000 ---p 00000000 00:00 0 
7f01fa801000-7f01fa8fd000 rw-p 00000000 00:00 0 
7f01fa8fd000-7f01fa8fe000 ---p 00000000 00:00 0 
7f01fa8fe000-7f01fa902000 ---p 00000000 00:00 0 
7f01fa902000-7f01fa9fe000 rw-p 00000000 00:00 0 
7f01fa9fe000-7f01fa9ff000 ---p 00000000 00:00 0 
7f01fa9ff000-7f01faa03000 ---p 00000000 00:00 0 
7f01faa03000-7f01faaff000 rw-p 00000000 00:00 0 
7f01faaff000-7f01fab00000 ---p 00000000 00:00 0 
7f01fab00000-7f01fab04000 ---p 00000000 00:00 0 
7f01fab04000-7f01fac00000 rw-p 00000000 00:00 0 
7f01fac00000-7f01fac53000 r-xp 00000000 fe:00 132658                     /root/.gradle/native/100fb08df4bc3b14c8652ba06237920a3bd2aa13389f12d3474272988ae205f9/linux-amd64/libnative-platform-file-events.so
7f01fac53000-7f01fae52000 ---p 00053000 fe:00 132658                     /root/.gradle/native/100fb08df4bc3b14c8652ba06237920a3bd2aa13389f12d3474272988ae205f9/linux-amd64/libnative-platform-file-events.so
7f01fae52000-7f01fae53000 r--p 00052000 fe:00 132658                     /root/.gradle/native/100fb08df4bc3b14c8652ba06237920a3bd2aa13389f12d3474272988ae205f9/linux-amd64/libnative-platform-file-events.so
7f01fae53000-7f01fae55000 rw-p 00053000 fe:00 132658                     /root/.gradle/native/100fb08df4bc3b14c8652ba06237920a3bd2aa13389f12d3474272988ae205f9/linux-amd64/libnative-platform-file-events.so
7f01faeff000-7f01faf00000 ---p 00000000 00:00 0 
7f01faf00000-7f01faf04000 ---p 00000000 00:00 0 
7f01faf04000-7f01fb400000 rw-p 00000000 00:00 0 
7f01fb400000-7f01fb900000 rw-p 00000000 00:00 0 
7f01fb900000-7f01fba00000 rw-p 00000000 00:00 0 
7f01fba00000-7f01fc3c0000 rw-p 00000000 00:00 0 
7f01fc3c0000-7f01fc400000 rw-p 00000000 00:00 0 
7f01fc400000-7f01fc740000 rw-p 00000000 00:00 0 
7f01fc740000-7f01fc780000 rw-p 00000000 00:00 0 
7f01fc780000-7f01fc900000 rw-p 00000000 00:00 0 
7f01fc900000-7f01fcb00000 rw-p 00000000 00:00 0 
7f01fcb00000-7f01fcc00000 rw-p 00000000 00:00 0 
7f01fcc00000-7f01fdb00000 rw-p 00000000 00:00 0 
7f01fdb00000-7f01fdc00000 rw-p 00000000 00:00 0 
7f01fdc00000-7f01fe1e0000 rw-p 00000000 00:00 0 
7f01fe1e0000-7f01fe300000 rw-p 00000000 00:00 0 
7f01fe300000-7f01fe780000 rw-p 00000000 00:00 0 
7f01fe780000-7f01fe800000 rw-p 00000000 00:00 0 
7f01fe800000-7f01fed90000 rw-p 00000000 00:00 0 
7f01fed90000-7f01ff000000 ---p 00000000 00:00 0 
7f01ff000000-7f01ff455000 rw-p 00001000 00:25 13853                      /usr/lib/jvm/java-17-openjdk-amd64/lib/server/classes.jsa
7f01ff455000-7f01ffbca000 rw-p 00456000 00:25 13853                      /usr/lib/jvm/java-17-openjdk-amd64/lib/server/classes.jsa
7f01ffbca000-7f0200000000 ---p 00000000 00:00 0 
7f0200000000-7f0200040000 rw-p 00000000 00:00 0 
7f0200040000-7f0200080000 rw-p 00000000 00:00 0 
7f0200080000-7f0200140000 rw-p 00000000 00:00 0 
7f0200140000-7f0200180000 rw-p 00000000 00:00 0 
7f0200180000-7f0200440000 rw-p 00000000 00:00 0 
7f0200440000-7f0200680000 rw-p 00000000 00:00 0 
7f0200680000-7f0200940000 rw-p 00000000 00:00 0 
7f0200940000-7f0200960000 rw-p 00000000 00:00 0 
7f0200960000-7f0200980000 ---p 00000000 00:00 0 
7f0200980000-7f0200a50000 rw-p 00000000 00:00 0 
7f0200a50000-7f0240000000 ---p 00000000 00:00 0 
7f0240000000-7f0241e62000 rw-p 00000000 00:00 0 
7f0241e62000-7f0244000000 ---p 00000000 00:00 0 
7f0244000000-7f024402b000 rw-p 00000000 00:00 0 
7f024402b000-7f0248000000 ---p 00000000 00:00 0 
7f0248000000-7f0248021000 rw-p 00000000 00:00 0 
7f0248021000-7f024c000000 ---p 00000000 00:00 0 
7f024c000000-7f024c021000 rw-p 00000000 00:00 0 
7f024c021000-7f0250000000 ---p 00000000 00:00 0 
7f0250000000-7f025002f000 rw-p 00000000 00:00 0 
7f025002f000-7f0254000000 ---p 00000000 00:00 0 
7f02540ff000-7f0254100000 ---p 00000000 00:00 0 
7f0254100000-7f0254104000 ---p 00000000 00:00 0 
7f0254104000-7f0254200000 rw-p 00000000 00:00 0 
7f0254200000-7f0254205000 r-xp 00000000 fe:00 132636                     /root/.gradle/native/c067742578af261105cb4f569cf0c3c89f3d7b1fecec35dd04571415982c5e48/linux-amd64/libnative-platform.so
7f0254205000-7f0254405000 ---p 00005000 fe:00 132636                     /root/.gradle/native/c067742578af261105cb4f569cf0c3c89f3d7b1fecec35dd04571415982c5e48/linux-amd64/libnative-platform.so
7f0254405000-7f0254406000 r--p 00005000 fe:00 132636                     /root/.gradle/native/c067742578af261105cb4f569cf0c3c89f3d7b1fecec35dd04571415982c5e48/linux-amd64/libnative-platform.so
7f0254406000-7f0254407000 rw-p 00006000 fe:00 132636                     /root/.gradle/native/c067742578af261105cb4f569cf0c3c89f3d7b1fecec35dd04571415982c5e48/linux-amd64/libnative-platform.so
7f02544b4000-7f02544b5000 r--p 00000000 00:25 13813                      /usr/lib/jvm/java-17-openjdk-amd64/lib/libextnet.so
7f02544b5000-7f02544b6000 r-xp 00001000 00:25 13813                      /usr/lib/jvm/java-17-openjdk-amd64/lib/libextnet.so
7f02544b6000-7f02544b7000 r--p 00002000 00:25 13813                      /usr/lib/jvm/java-17-openjdk-amd64/lib/libextnet.so
7f02544b7000-7f02544b8000 r--p 00002000 00:25 13813                      /usr/lib/jvm/java-17-openjdk-amd64/lib/libextnet.so
7f02544b8000-7f02544b9000 rw-p 00003000 00:25 13813                      /usr/lib/jvm/java-17-openjdk-amd64/lib/libextnet.so
7f02544b9000-7f02544bb000 r--p 00000000 00:25 13832                      /usr/lib/jvm/java-17-openjdk-amd64/lib/libmanagement_ext.so
7f02544bb000-7f02544be000 r-xp 00002000 00:25 13832                      /usr/lib/jvm/java-17-openjdk-amd64/lib/libmanagement_ext.so
7f02544be000-7f02544bf000 r--p 00005000 00:25 13832                      /usr/lib/jvm/java-17-openjdk-amd64/lib/libmanagement_ext.so
7f02544bf000-7f02544c0000 r--p 00006000 00:25 13832                      /usr/lib/jvm/java-17-openjdk-amd64/lib/libmanagement_ext.so
7f02544c0000-7f02544c1000 rw-p 00007000 00:25 13832                      /usr/lib/jvm/java-17-openjdk-amd64/lib/libmanagement_ext.so
7f02544c1000-7f02544c2000 ---p 00000000 00:00 0 
7f02544c2000-7f02545c2000 rw-p 00000000 00:00 0 
7f02545c2000-7f02545c3000 r--p 00000000 00:25 18162                      /usr/lib/x86_64-linux-gnu/libpthread.so.0
7f02545c3000-7f02545c4000 r-xp 00001000 00:25 18162                      /usr/lib/x86_64-linux-gnu/libpthread.so.0
7f02545c4000-7f02545c5000 r--p 00002000 00:25 18162                      /usr/lib/x86_64-linux-gnu/libpthread.so.0
7f02545c5000-7f02545c6000 r--p 00002000 00:25 18162                      /usr/lib/x86_64-linux-gnu/libpthread.so.0
7f02545c6000-7f02545c7000 rw-p 00003000 00:25 18162                      /usr/lib/x86_64-linux-gnu/libpthread.so.0
7f02545c8000-7f02545ca000 r--p 00000000 00:25 13830                      /usr/lib/jvm/java-17-openjdk-amd64/lib/libmanagement.so
7f02545ca000-7f02545cb000 r-xp 00002000 00:25 13830                      /usr/lib/jvm/java-17-openjdk-amd64/lib/libmanagement.so
7f02545cb000-7f02545cc000 r--p 00003000 00:25 13830                      /usr/lib/jvm/java-17-openjdk-amd64/lib/libmanagement.so
7f02545cc000-7f02545cd000 r--p 00003000 00:25 13830                      /usr/lib/jvm/java-17-openjdk-amd64/lib/libmanagement.so
7f02545cd000-7f02545ce000 rw-p 00004000 00:25 13830                      /usr/lib/jvm/java-17-openjdk-amd64/lib/libmanagement.so
7f02545ce000-7f02545d2000 r--p 00000000 00:25 13842                      /usr/lib/jvm/java-17-openjdk-amd64/lib/libverify.so
7f02545d2000-7f02545d9000 r-xp 00004000 00:25 13842                      /usr/lib/jvm/java-17-openjdk-amd64/lib/libverify.so
7f02545d9000-7f02545db000 r--p 0000b000 00:25 13842                      /usr/lib/jvm/java-17-openjdk-amd64/lib/libverify.so
7f02545db000-7f02545dd000 r--p 0000c000 00:25 13842                      /usr/lib/jvm/java-17-openjdk-amd64/lib/libverify.so
7f02545dd000-7f02545de000 rw-p 0000e000 00:25 13842                      /usr/lib/jvm/java-17-openjdk-amd64/lib/libverify.so
7f02545de000-7f02545df000 ---p 00000000 00:00 0 
7f02545df000-7f02546df000 rw-p 00000000 00:00 0 
7f02546df000-7f02546e0000 ---p 00000000 00:00 0 
7f02546e0000-7f02547e0000 rw-p 00000000 00:00 0 
7f02547e0000-7f02547e1000 ---p 00000000 00:00 0 
7f02547e1000-7f02547e5000 ---p 00000000 00:00 0 
7f02547e5000-7f02548e1000 rw-p 00000000 00:00 0 
7f02548e1000-7f02548e5000 r--p 00000000 00:25 13834                      /usr/lib/jvm/java-17-openjdk-amd64/lib/libnet.so
7f02548e5000-7f02548f3000 r-xp 00004000 00:25 13834                      /usr/lib/jvm/java-17-openjdk-amd64/lib/libnet.so
7f02548f3000-7f02548f7000 r--p 00012000 00:25 13834                      /usr/lib/jvm/java-17-openjdk-amd64/lib/libnet.so
7f02548f7000-7f02548f8000 r--p 00015000 00:25 13834                      /usr/lib/jvm/java-17-openjdk-amd64/lib/libnet.so
7f02548f8000-7f02548f9000 rw-p 00016000 00:25 13834                      /usr/lib/jvm/java-17-openjdk-amd64/lib/libnet.so
7f02548f9000-7f0254900000 r--p 00000000 00:25 13835                      /usr/lib/jvm/java-17-openjdk-amd64/lib/libnio.so
7f0254900000-7f0254909000 r-xp 00007000 00:25 13835                      /usr/lib/jvm/java-17-openjdk-amd64/lib/libnio.so
7f0254909000-7f025490d000 r--p 00010000 00:25 13835                      /usr/lib/jvm/java-17-openjdk-amd64/lib/libnio.so
7f025490d000-7f025490e000 r--p 00014000 00:25 13835                      /usr/lib/jvm/java-17-openjdk-amd64/lib/libnio.so
7f025490e000-7f025490f000 rw-p 00015000 00:25 13835                      /usr/lib/jvm/java-17-openjdk-amd64/lib/libnio.so
7f025490f000-7f0254911000 r--p 00000000 00:25 13843                      /usr/lib/jvm/java-17-openjdk-amd64/lib/libzip.so
7f0254911000-7f0254915000 r-xp 00002000 00:25 13843                      /usr/lib/jvm/java-17-openjdk-amd64/lib/libzip.so
7f0254915000-7f0254917000 r--p 00006000 00:25 13843                      /usr/lib/jvm/java-17-openjdk-amd64/lib/libzip.so
7f0254917000-7f0254918000 r--p 00007000 00:25 13843                      /usr/lib/jvm/java-17-openjdk-amd64/lib/libzip.so
7f0254918000-7f0254919000 rw-p 00008000 00:25 13843                      /usr/lib/jvm/java-17-openjdk-amd64/lib/libzip.so
7f0254919000-7f025491a000 ---p 00000000 00:00 0 
7f025491a000-7f025491e000 ---p 00000000 00:00 0 
7f025491e000-7f0254a1a000 rw-p 00000000 00:00 0 
7f0254a1a000-7f0254a1b000 ---p 00000000 00:00 0 
7f0254a1b000-7f0254a1f000 ---p 00000000 00:00 0 
7f0254a1f000-7f0254b1b000 rw-p 00000000 00:00 0 
7f0254b1b000-7f0254b1c000 ---p 00000000 00:00 0 
7f0254b1c000-7f0254b20000 ---p 00000000 00:00 0 
7f0254b20000-7f0254c1c000 rw-p 00000000 00:00 0 
7f0254c1c000-7f0254c1d000 ---p 00000000 00:00 0 
7f0254c1d000-7f0254c21000 ---p 00000000 00:00 0 
7f0254c21000-7f0254d1d000 rw-p 00000000 00:00 0 
7f0254d1d000-7f0254d1e000 ---p 00000000 00:00 0 
7f0254d1e000-7f0254d22000 ---p 00000000 00:00 0 
7f0254d22000-7f0254e1e000 rw-p 00000000 00:00 0 
7f0254e1e000-7f0254e1f000 ---p 00000000 00:00 0 
7f0254e1f000-7f0254e23000 ---p 00000000 00:00 0 
7f0254e23000-7f0254f1f000 rw-p 00000000 00:00 0 
7f0254f1f000-7f0254f20000 ---p 00000000 00:00 0 
7f0254f20000-7f0254f24000 ---p 00000000 00:00 0 
7f0254f24000-7f0255020000 rw-p 00000000 00:00 0 
7f0255020000-7f0255021000 ---p 00000000 00:00 0 
7f0255021000-7f0255025000 ---p 00000000 00:00 0 
7f0255025000-7f0255121000 rw-p 00000000 00:00 0 
7f0255121000-7f0255122000 ---p 00000000 00:00 0 
7f0255122000-7f0255126000 ---p 00000000 00:00 0 
7f0255126000-7f0255222000 rw-p 00000000 00:00 0 
7f0255222000-7f0255223000 ---p 00000000 00:00 0 
7f0255223000-7f0255323000 rw-p 00000000 00:00 0 
7f0255323000-7f0255328000 r--p 00000000 00:25 13828                      /usr/lib/jvm/java-17-openjdk-amd64/lib/libjsvml.so
7f0255328000-7f0255369000 r-xp 00005000 00:25 13828                      /usr/lib/jvm/java-17-openjdk-amd64/lib/libjsvml.so
7f0255369000-7f02553f2000 r--p 00046000 00:25 13828                      /usr/lib/jvm/java-17-openjdk-amd64/lib/libjsvml.so
7f02553f2000-7f02553f3000 r--p 000ce000 00:25 13828                      /usr/lib/jvm/java-17-openjdk-amd64/lib/libjsvml.so
7f02553f3000-7f02553f4000 rw-p 000cf000 00:25 13828                      /usr/lib/jvm/java-17-openjdk-amd64/lib/libjsvml.so
7f02553f4000-7f0257811000 rw-p 00000000 00:00 0 
7f0257811000-7f0259509000 ---p 00000000 00:00 0 
7f0259509000-7f0259511000 rw-p 00000000 00:00 0 
7f0259511000-7f025a461000 rwxp 00000000 00:00 0 
7f025a461000-7f0260a49000 ---p 00000000 00:00 0 
7f0260a49000-7f0260cb9000 rwxp 00000000 00:00 0 
7f0260cb9000-7f0260fd8000 ---p 00000000 00:00 0 
7f0260fd8000-7f0261428000 rwxp 00000000 00:00 0 
7f0261438000-7f0268511000 ---p 00000000 00:00 0 
7f0268511000-7f0270000000 r--s 00000000 00:25 13844                      /usr/lib/jvm/java-17-openjdk-amd64/lib/modules
7f0270000000-7f027136a000 rw-p 00000000 00:00 0 
7f027136a000-7f0274000000 ---p 00000000 00:00 0 
7f0274002000-7f0274059000 r--p 00000000 00:25 13893                      /usr/lib/locale/C.utf8/LC_CTYPE
7f0274059000-7f027405a000 r--p 00000000 00:25 13899                      /usr/lib/locale/C.utf8/LC_NUMERIC
7f027405a000-7f027405b000 r--p 00000000 00:25 13902                      /usr/lib/locale/C.utf8/LC_TIME
7f027405b000-7f027405c000 r--p 00000000 00:25 13892                      /usr/lib/locale/C.utf8/LC_COLLATE
7f027405c000-7f027405d000 r--p 00000000 00:25 13897                      /usr/lib/locale/C.utf8/LC_MONETARY
7f027405d000-7f027405e000 r--p 00000000 00:25 13896                      /usr/lib/locale/C.utf8/LC_MESSAGES/SYS_LC_MESSAGES
7f027405e000-7f027405f000 r--p 00000000 00:25 13900                      /usr/lib/locale/C.utf8/LC_PAPER
7f027405f000-7f0274060000 r--p 00000000 00:25 13898                      /usr/lib/locale/C.utf8/LC_NAME
7f0274060000-7f0274067000 r--s 00000000 00:25 17585                      /usr/lib/x86_64-linux-gnu/gconv/gconv-modules.cache
7f0274067000-7f0274068000 ---p 00000000 00:00 0 
7f0274068000-7f0274168000 rw-p 00000000 00:00 0 
7f0274168000-7f0274169000 ---p 00000000 00:00 0 
7f0274169000-7f027446b000 rw-p 00000000 00:00 0 
7f027446b000-7f027446c000 ---p 00000000 00:00 0 
7f027446c000-7f027456c000 rw-p 00000000 00:00 0 
7f027456c000-7f027456d000 ---p 00000000 00:00 0 
7f027456d000-7f027466d000 rw-p 00000000 00:00 0 
7f027466d000-7f027466e000 ---p 00000000 00:00 0 
7f027466e000-7f0274ab3000 rw-p 00000000 00:00 0 
7f0274ab3000-7f02767ab000 ---p 00000000 00:00 0 
7f02767ab000-7f0276813000 rw-p 00000000 00:00 0 
7f0276813000-7f0276bb2000 ---p 00000000 00:00 0 
7f0276bb2000-7f0276c13000 rw-p 00000000 00:00 0 
7f0276c13000-7f0276fb2000 ---p 00000000 00:00 0 
7f0276fb2000-7f0277013000 rw-p 00000000 00:00 0 
7f0277013000-7f02773b2000 ---p 00000000 00:00 0 
7f02773b2000-7f02775be000 rw-p 00000000 00:00 0 
7f02775be000-7f02776a0000 ---p 00000000 00:00 0 
7f02776a0000-7f02776bf000 rw-p 00000000 00:00 0 
7f02776bf000-7f027778b000 ---p 00000000 00:00 0 
7f027778b000-7f0277790000 rw-p 00000000 00:00 0 
7f0277790000-7f0277797000 ---p 00000000 00:00 0 
7f0277797000-7f027779f000 rw-s 00000000 fe:00 134723                     /tmp/hsperfdata_root/2739
7f027779f000-7f02777ab000 r--p 00000000 00:25 13820                      /usr/lib/jvm/java-17-openjdk-amd64/lib/libjava.so
7f02777ab000-7f02777bc000 r-xp 0000c000 00:25 13820                      /usr/lib/jvm/java-17-openjdk-amd64/lib/libjava.so
7f02777bc000-7f02777c2000 r--p 0001d000 00:25 13820                      /usr/lib/jvm/java-17-openjdk-amd64/lib/libjava.so
7f02777c2000-7f02777c3000 r--p 00022000 00:25 13820                      /usr/lib/jvm/java-17-openjdk-amd64/lib/libjava.so
7f02777c3000-7f02777c4000 rw-p 00023000 00:25 13820                      /usr/lib/jvm/java-17-openjdk-amd64/lib/libjava.so
7f02777c4000-7f02777c5000 rw-p 00000000 00:00 0 
7f02777c5000-7f02777c6000 r--p 00000000 00:25 13815                      /usr/lib/jvm/java-17-openjdk-amd64/lib/libinstrument.so
7f02777c6000-7f02777cc000 r-xp 00001000 00:25 13815                      /usr/lib/jvm/java-17-openjdk-amd64/lib/libinstrument.so
7f02777cc000-7f02777cf000 r--p 00007000 00:25 13815                      /usr/lib/jvm/java-17-openjdk-amd64/lib/libinstrument.so
7f02777cf000-7f02777d0000 r--p 00009000 00:25 13815                      /usr/lib/jvm/java-17-openjdk-amd64/lib/libinstrument.so
7f02777d0000-7f02777d1000 rw-p 0000a000 00:25 13815                      /usr/lib/jvm/java-17-openjdk-amd64/lib/libinstrument.so
7f02777d1000-7f02777d3000 r--p 00000000 00:25 13824                      /usr/lib/jvm/java-17-openjdk-amd64/lib/libjimage.so
7f02777d3000-7f02777d6000 r-xp 00002000 00:25 13824                      /usr/lib/jvm/java-17-openjdk-amd64/lib/libjimage.so
7f02777d6000-7f02777d7000 r--p 00005000 00:25 13824                      /usr/lib/jvm/java-17-openjdk-amd64/lib/libjimage.so
7f02777d7000-7f02777d8000 r--p 00006000 00:25 13824                      /usr/lib/jvm/java-17-openjdk-amd64/lib/libjimage.so
7f02777d8000-7f02777d9000 rw-p 00007000 00:25 13824                      /usr/lib/jvm/java-17-openjdk-amd64/lib/libjimage.so
7f02777d9000-7f02777dd000 ---p 00000000 00:00 0 
7f02777dd000-7f02778d9000 rw-p 00000000 00:00 0 
7f02778d9000-7f02778dc000 r--p 00000000 00:25 17971                      /usr/lib/x86_64-linux-gnu/libgcc_s.so.1
7f02778dc000-7f02778f3000 r-xp 00003000 00:25 17971                      /usr/lib/x86_64-linux-gnu/libgcc_s.so.1
7f02778f3000-7f02778f7000 r--p 0001a000 00:25 17971                      /usr/lib/x86_64-linux-gnu/libgcc_s.so.1
7f02778f7000-7f02778f8000 r--p 0001d000 00:25 17971                      /usr/lib/x86_64-linux-gnu/libgcc_s.so.1
7f02778f8000-7f02778f9000 rw-p 0001e000 00:25 17971                      /usr/lib/x86_64-linux-gnu/libgcc_s.so.1
7f02778f9000-7f0277909000 r--p 00000000 00:25 18072                      /usr/lib/x86_64-linux-gnu/libm.so.6
7f0277909000-7f027797d000 r-xp 00010000 00:25 18072                      /usr/lib/x86_64-linux-gnu/libm.so.6
7f027797d000-7f02779d7000 r--p 00084000 00:25 18072                      /usr/lib/x86_64-linux-gnu/libm.so.6
7f02779d7000-7f02779d8000 r--p 000dd000 00:25 18072                      /usr/lib/x86_64-linux-gnu/libm.so.6
7f02779d8000-7f02779d9000 rw-p 000de000 00:25 18072                      /usr/lib/x86_64-linux-gnu/libm.so.6
7f02779d9000-7f0277a72000 r--p 00000000 00:25 18239                      /usr/lib/x86_64-linux-gnu/libstdc++.so.6.0.30
7f0277a72000-7f0277b73000 r-xp 00099000 00:25 18239                      /usr/lib/x86_64-linux-gnu/libstdc++.so.6.0.30
7f0277b73000-7f0277be2000 r--p 0019a000 00:25 18239                      /usr/lib/x86_64-linux-gnu/libstdc++.so.6.0.30
7f0277be2000-7f0277bed000 r--p 00209000 00:25 18239                      /usr/lib/x86_64-linux-gnu/libstdc++.so.6.0.30
7f0277bed000-7f0277bf0000 rw-p 00214000 00:25 18239                      /usr/lib/x86_64-linux-gnu/libstdc++.so.6.0.30
7f0277bf0000-7f0277bf3000 rw-p 00000000 00:00 0 
7f0277bf3000-7f0277e44000 r--p 00000000 00:25 13856                      /usr/lib/jvm/java-17-openjdk-amd64/lib/server/libjvm.so
7f0277e44000-7f0278b96000 r-xp 00251000 00:25 13856                      /usr/lib/jvm/java-17-openjdk-amd64/lib/server/libjvm.so
7f0278b96000-7f0278e18000 r--p 00fa3000 00:25 13856                      /usr/lib/jvm/java-17-openjdk-amd64/lib/server/libjvm.so
7f0278e18000-7f0278ed0000 r--p 01225000 00:25 13856                      /usr/lib/jvm/java-17-openjdk-amd64/lib/server/libjvm.so
7f0278ed0000-7f0278f05000 rw-p 012dd000 00:25 13856                      /usr/lib/jvm/java-17-openjdk-amd64/lib/server/libjvm.so
7f0278f05000-7f0278f61000 rw-p 00000000 00:00 0 
7f0278f61000-7f0278f87000 r--p 00000000 00:25 17860                      /usr/lib/x86_64-linux-gnu/libc.so.6
7f0278f87000-7f02790dd000 r-xp 00026000 00:25 17860                      /usr/lib/x86_64-linux-gnu/libc.so.6
7f02790dd000-7f0279130000 r--p 0017c000 00:25 17860                      /usr/lib/x86_64-linux-gnu/libc.so.6
7f0279130000-7f0279134000 r--p 001cf000 00:25 17860                      /usr/lib/x86_64-linux-gnu/libc.so.6
7f0279134000-7f0279136000 rw-p 001d3000 00:25 17860                      /usr/lib/x86_64-linux-gnu/libc.so.6
7f0279136000-7f0279143000 rw-p 00000000 00:00 0 
7f0279143000-7f0279145000 r--p 00000000 00:25 13825                      /usr/lib/jvm/java-17-openjdk-amd64/lib/libjli.so
7f0279145000-7f027914e000 r-xp 00002000 00:25 13825                      /usr/lib/jvm/java-17-openjdk-amd64/lib/libjli.so
7f027914e000-7f0279151000 r--p 0000b000 00:25 13825                      /usr/lib/jvm/java-17-openjdk-amd64/lib/libjli.so
7f0279151000-7f0279152000 r--p 0000d000 00:25 13825                      /usr/lib/jvm/java-17-openjdk-amd64/lib/libjli.so
7f0279152000-7f0279153000 rw-p 0000e000 00:25 13825                      /usr/lib/jvm/java-17-openjdk-amd64/lib/libjli.so
7f0279153000-7f0279156000 r--p 00000000 00:25 1006                       /usr/lib/x86_64-linux-gnu/libz.so.1.2.13
7f0279156000-7f0279169000 r-xp 00003000 00:25 1006                       /usr/lib/x86_64-linux-gnu/libz.so.1.2.13
7f0279169000-7f0279170000 r--p 00016000 00:25 1006                       /usr/lib/x86_64-linux-gnu/libz.so.1.2.13
7f0279170000-7f0279171000 r--p 0001c000 00:25 1006                       /usr/lib/x86_64-linux-gnu/libz.so.1.2.13
7f0279171000-7f0279172000 rw-p 0001d000 00:25 1006                       /usr/lib/x86_64-linux-gnu/libz.so.1.2.13
7f0279172000-7f0279173000 r--p 00000000 00:25 13891                      /usr/lib/locale/C.utf8/LC_ADDRESS
7f0279173000-7f0279174000 r--p 00000000 00:25 13901                      /usr/lib/locale/C.utf8/LC_TELEPHONE
7f0279174000-7f0279175000 r--p 00000000 00:25 13895                      /usr/lib/locale/C.utf8/LC_MEASUREMENT
7f0279175000-7f0279176000 r--p 00000000 00:25 13894                      /usr/lib/locale/C.utf8/LC_IDENTIFICATION
7f0279176000-7f0279177000 ---p 00000000 00:00 0 
7f0279177000-7f0279178000 r--p 00000000 00:00 0 
7f0279178000-7f0279179000 ---p 00000000 00:00 0 
7f0279179000-7f027917b000 rw-p 00000000 00:00 0 
7f027917b000-7f027917c000 r--p 00000000 00:25 17646                      /usr/lib/x86_64-linux-gnu/ld-linux-x86-64.so.2
7f027917c000-7f02791a2000 r-xp 00001000 00:25 17646                      /usr/lib/x86_64-linux-gnu/ld-linux-x86-64.so.2
7f02791a2000-7f02791ac000 r--p 00027000 00:25 17646                      /usr/lib/x86_64-linux-gnu/ld-linux-x86-64.so.2
7f02791ac000-7f02791ae000 r--p 00031000 00:25 17646                      /usr/lib/x86_64-linux-gnu/ld-linux-x86-64.so.2
7f02791ae000-7f02791b0000 rw-p 00033000 00:25 17646                      /usr/lib/x86_64-linux-gnu/ld-linux-x86-64.so.2
7fffb9ede000-7fffb9eff000 rw-p 00000000 00:00 0                          [stack]
7fffb9fbf000-7fffb9fc2000 r--p 00000000 00:00 0                          [vvar]
7fffb9fc2000-7fffb9fc4000 r-xp 00000000 00:00 0                          [vdso]
ffffffffff600000-ffffffffff601000 r-xp 00000000 00:00 0                  [vsyscall]


VM Arguments:
jvm_args: --add-opens=java.base/java.util=ALL-UNNAMED --add-opens=java.base/java.lang=ALL-UNNAMED --add-opens=java.base/java.lang.invoke=ALL-UNNAMED --add-opens=java.prefs/java.util.prefs=ALL-UNNAMED --add-exports=jdk.compiler/com.sun.tools.javac.api=ALL-UNNAMED --add-exports=jdk.compiler/com.sun.tools.javac.util=ALL-UNNAMED --add-opens=java.base/java.nio.charset=ALL-UNNAMED --add-opens=java.base/java.net=ALL-UNNAMED --add-opens=java.base/java.util.concurrent.atomic=ALL-UNNAMED -Xmx2048m -Dfile.encoding=UTF-8 -Duser.country -Duser.language=en -Duser.variant -javaagent:/root/.gradle/wrapper/dists/gradle-8.10.2-bin/a04bxjujx95o3nb99gddekhwo/gradle-8.10.2/lib/agents/gradle-instrumentation-agent-8.10.2.jar 
java_command: org.gradle.launcher.daemon.bootstrap.GradleDaemon 8.10.2
java_class_path (initial): /root/.gradle/wrapper/dists/gradle-8.10.2-bin/a04bxjujx95o3nb99gddekhwo/gradle-8.10.2/lib/gradle-daemon-main-8.10.2.jar
Launcher Type: SUN_STANDARD

[Global flags]
     intx CICompilerCount                          = 2                                         {product} {ergonomic}
     uint ConcGCThreads                            = 1                                         {product} {ergonomic}
     uint G1ConcRefinementThreads                  = 2                                         {product} {ergonomic}
   size_t G1HeapRegionSize                         = 1048576                                   {product} {ergonomic}
    uintx GCDrainStackTargetSize                   = 64                                        {product} {ergonomic}
   size_t InitialHeapSize                          = 33554432                                  {product} {ergonomic}
   size_t MarkStackSize                            = 4194304                                   {product} {ergonomic}
   size_t MaxHeapSize                              = 2147483648                                {product} {command line}
   size_t MaxNewSize                               = 1287651328                                {product} {ergonomic}
   size_t MinHeapDeltaBytes                        = 1048576                                   {product} {ergonomic}
   size_t MinHeapSize                              = 8388608                                   {product} {ergonomic}
    uintx NonNMethodCodeHeapSize                   = 5826188                                {pd product} {ergonomic}
    uintx NonProfiledCodeHeapSize                  = 122916026                              {pd product} {ergonomic}
    uintx ProfiledCodeHeapSize                     = 122916026                              {pd product} {ergonomic}
    uintx ReservedCodeCacheSize                    = 251658240                              {pd product} {ergonomic}
     bool SegmentedCodeCache                       = true                                      {product} {ergonomic}
   size_t SoftMaxHeapSize                          = 2147483648                             {manageable} {ergonomic}
     bool UseCompressedClassPointers               = true                           {product lp64_product} {ergonomic}
     bool UseCompressedOops                        = true                           {product lp64_product} {ergonomic}
     bool UseG1GC                                  = true                                      {product} {ergonomic}

Logging:
Log output configuration:
 #0: stdout all=warning uptime,level,tags
 #1: stderr all=off uptime,level,tags

Environment Variables:
PATH=/usr/local/sbin:/usr/local/bin:/usr/sbin:/usr/bin:/sbin:/bin
SHELL=/bin/bash
LANG=C.UTF-8
LC_ALL=C.UTF-8
TERM=tmux-256color

Active Locale:
LC_ALL=C.UTF-8
LC_COLLATE=C.UTF-8
LC_CTYPE=C.UTF-8
LC_MESSAGES=C.UTF-8
LC_MONETARY=C.UTF-8
LC_NUMERIC=C.UTF-8
LC_TIME=C.UTF-8

Signal Handlers:
   SIGSEGV: crash_handler in libjvm.so, mask=11100100010111111101111111111110, flags=SA_RESTART|SA_SIGINFO, unblocked
    SIGBUS: crash_handler in libjvm.so, mask=11100100010111111101111111111110, flags=SA_RESTART|SA_SIGINFO, unblocked
    SIGFPE: crash_handler in libjvm.so, mask=11100100010111111101111111111110, flags=SA_RESTART|SA_SIGINFO, unblocked
   SIGPIPE: javaSignalHandler in libjvm.so, mask=11100100010111111101111111111110, flags=SA_RESTART|SA_SIGINFO, unblocked
   SIGXFSZ: javaSignalHandler in libjvm.so, mask=11100100010111111101111111111110, flags=SA_RESTART|SA_SIGINFO, unblocked
    SIGILL: crash_handler in libjvm.so, mask=11100100010111111101111111111110, flags=SA_RESTART|SA_SIGINFO, unblocked
   SIGUSR2: SR_handler in libjvm.so, mask=00100000000000000000000000000000, flags=SA_RESTART|SA_SIGINFO, unblocked
    SIGHUP: UserHandler in libjvm.so, mask=11100100010111111101111111111110, flags=SA_RESTART|SA_SIGINFO, unblocked
    SIGINT: UserHandler in libjvm.so, mask=11100100010111111101111111111110, flags=SA_RESTART|SA_SIGINFO, unblocked
   SIGTERM: UserHandler in libjvm.so, mask=11100100010111111101111111111110, flags=SA_RESTART|SA_SIGINFO, unblocked
   SIGQUIT: UserHandler in libjvm.so, mask=11100100010111111101111111111110, flags=SA_RESTART|SA_SIGINFO, blocked
   SIGTRAP: crash_handler in libjvm.so, mask=11100100010111111101111111111110, flags=SA_RESTART|SA_SIGINFO, unblocked


Periodic native trim disabled


---------------  S Y S T E M  ---------------

OS:
PRETTY_NAME="Debian GNU/Linux 12 (bookworm)"
NAME="Debian GNU/Linux"
VERSION_ID="12"
VERSION="12 (bookworm)"
VERSION_CODENAME=bookworm
ID=debian
HOME_URL="https://www.debian.org/"
SUPPORT_URL="https://www.debian.org/support"
BUG_REPORT_URL="https://bugs.debian.org/"
uname: Linux 4.19.91-c8dfc93.al7.x86_64 #1 SMP Tue Sep 26 10:25:51 UTC 2023 x86_64
OS uptime: 0 days 0:57 hours
libc: glibc 2.36 NPTL 2.36 
rlimit (soft/hard): STACK 8192k/infinity , CORE 0k/0k , NPROC 100000/100000 , NOFILE 100000/100000 , AS infinity/infinity , CPU infinity/infinity , DATA infinity/infinity , FSIZE infinity/infinity , MEMLOCK 64k/64k
load average: 2.06 0.78 0.43

/proc/meminfo:
MemTotal:        2152516 kB
MemFree:           23012 kB
MemAvailable:          0 kB
Buffers:              96 kB
Cached:             2476 kB
SwapCached:            0 kB
Active:          2050400 kB
Inactive:           1404 kB
Active(anon):    2049272 kB
Inactive(anon):       16 kB
Active(file):       1128 kB
Inactive(file):     1388 kB
Unevictable:           0 kB
Mlocked:               0 kB
SwapTotal:             0 kB
SwapFree:              0 kB
Dirty:                32 kB
Writeback:             0 kB
AnonPages:       2049256 kB
Mapped:             1876 kB
Shmem:                32 kB
Slab:              28200 kB
SReclaimable:      15636 kB
SUnreclaim:        12564 kB
KernelStack:        2944 kB
PageTables:         5888 kB
NFS_Unstable:          0 kB
Bounce:                0 kB
WritebackTmp:          0 kB
CommitLimit:     1076256 kB
Committed_AS:    2302292 kB
VmallocTotal:   34359738367 kB
VmallocUsed:           0 kB
VmallocChunk:          0 kB
Percpu:              384 kB
AnonHugePages:    587776 kB
ShmemHugePages:        0 kB
ShmemPmdMapped:        0 kB
HugePages_Total:       0
HugePages_Free:        0
HugePages_Rsvd:        0
HugePages_Surp:        0
Hugepagesize:       2048 kB
Hugetlb:               0 kB
DirectMap4k:        8192 kB
DirectMap2M:     2523136 kB
DirectMap1G:           0 kB

/sys/kernel/mm/transparent_hugepage/enabled: [always] madvise never
/sys/kernel/mm/transparent_hugepage/hpage_pmd_size: 2097152
/sys/kernel/mm/transparent_hugepage/defrag (defrag/compaction efforts parameter): always defer defer+madvise madvise [never]

Process Memory:
Virtual Size: 4777788K (peak: 4777852K)
Resident Set Size: 387416K (peak: 387416K) (anon: 387416K, file: 0K, shmem: 0K)
Swapped out: 0K
C-Heap outstanding allocations: 84606K, retained: 11121K
glibc malloc tunables: (default)

/proc/sys/kernel/threads-max (system-wide limit on the number of threads): 1129
/proc/sys/vm/max_map_count (maximum number of memory map areas a process may have): 65530
/proc/sys/vm/swappiness (control to define how aggressively the kernel swaps out anonymous memory): 60
/proc/sys/kernel/pid_max (system-wide limit on number of process identifiers): 32768

container (cgroup) information:
container_type: cgroupv1
cpu_cpuset_cpus: 0-1
cpu_memory_nodes: 0
active_processor_count: 2
cpu_quota: no quota
cpu_period: 100000
cpu_shares: 12288
memory_limit_in_bytes: 2097152 k
memory_and_swap_limit_in_bytes: unlimited
memory_soft_limit_in_bytes: unlimited
memory_usage_in_bytes: 2069248 k
memory_max_usage_in_bytes: 2070324 k
rss_usage_in_bytes: 2041704 k
cache_usage_in_bytes: 2904 k
kernel_memory_limit_in_bytes: unlimited
kernel_memory_usage_in_bytes: 24300 k
kernel_memory_max_usage_in_bytes: 54672 k
maximum number of tasks: unlimited
current number of tasks: 109

KVM virtualization detected
Steal ticks since vm start: 3715
Steal ticks percentage since vm start:  0.302

CPU: total 2 (initial active 2) (2 cores per cpu, 1 threads per core) family 6 model 85 stepping 7 microcode 0x1, cx8, cmov, fxsr, mmx, 3dnowpref, sse, sse2, sse3, ssse3, sse4.1, sse4.2, popcnt, lzcnt, tsc, tscinvbit, avx, avx2, aes, erms, clmul, bmi1, bmi2, adx, avx512f, avx512dq, avx512cd, avx512bw, avx512vl, fma, vzeroupper, avx512_vnni, clflush, clflushopt, clwb, hv
CPU Model and flags from /proc/cpuinfo:
model name	: Intel(R) Xeon(R) Processor @ 2.50GHz
flags		: fpu vme de pse tsc msr pae mce cx8 apic sep mtrr pge mca cmov pat pse36 clflush mmx fxsr sse sse2 ss ht syscall nx pdpe1gb rdtscp lm constant_tsc rep_good nopl xtopology nonstop_tsc cpuid tsc_known_freq pni pclmulqdq ssse3 fma cx16 pcid sse4_1 sse4_2 x2apic movbe popcnt tsc_deadline_timer aes xsave avx f16c rdrand hypervisor lahf_lm abm 3dnowprefetch cpuid_fault invpcid_single ssbd ibrs ibpb stibp ibrs_enhanced fsgsbase tsc_adjust bmi1 avx2 smep bmi2 erms invpcid mpx avx512f avx512dq rdseed adx smap clflushopt clwb avx512cd avx512bw avx512vl xsaveopt xsavec xgetbv1 xsaves umip avx512_vnni md_clear arch_capabilities

Online cpus: 0-1
Offline cpus: 
BIOS frequency limitation: <Not Available>
Frequency switch latency (ns): <Not Available>
Available cpu frequencies: <Not Available>
Current governor: <Not Available>
Core performance/turbo boost: <Not Available>

Memory: 4k page, physical 2097152k(27648k free), swap 0k(0k free)
Page Sizes: 4k

vm_info: OpenJDK 64-Bit Server VM (17.0.20+8-1-deb12u1-Debian) for linux-amd64 JRE (17.0.20+8-1-deb12u1-Debian), built on Jul 28 2026 07:08:51 by "buildd" with gcc 12.2.0

END.
